datums,game_id,team,home_away,playerId,vards,numurs,pozicija
2026-09-29,2026020001,CAR,home,8473533,Jordan Staal,11,C
2026-09-29,2026020001,FLA,away,8474189,Lars Eller,20,C
2026-09-29,2026020001,FLA,away,8474593,Jacob Markstrom,25,G
2026-09-29,2026020001,FLA,away,8475179,Dmitry Kulikov,7,D
2026-09-29,2026020001,CAR,home,8475235,Nicolas Deslauriers,44,L
2026-09-29,2026020001,FLA,away,8475462,Radko Gudas,6,D
2026-09-29,2026020001,CAR,home,8475791,Taylor Hall,71,L
2026-09-29,2026020001,CAR,home,8476873,Mark Jankowski,77,L
2026-09-29,2026020001,CAR,home,8476906,Shayne Gostisbehere,4,D
2026-09-29,2026020001,CAR,home,8476921,Jordan Martinook,48,L
2026-09-29,2026020001,CAR,home,8476958,Jaccob Slavin,74,D
2026-09-29,2026020001,FLA,away,8477409,Carter Verhaeghe,23,C
2026-09-29,2026020001,CAR,home,8477478,William Carrier,28,L
2026-09-29,2026020001,FLA,away,8477493,Aleksander Barkov,16,C
2026-09-29,2026020001,FLA,away,8477495,Seth Jones,3,D
2026-09-29,2026020001,FLA,away,8477903,Garnet Hathaway,21,R
2026-09-29,2026020001,FLA,away,8477932,Aaron Ekblad,5,D
2026-09-29,2026020001,FLA,away,8477933,Sam Reinhart,13,C
2026-09-29,2026020001,FLA,away,8477935,Sam Bennett,9,C
2026-09-29,2026020001,CAR,home,8477940,Nikolaj Ehlers,27,L
2026-09-29,2026020001,FLA,away,8478055,Gustav Forsling,42,D
2026-09-29,2026020001,FLA,away,8478147,Bokondji Imama,14,L
2026-09-29,2026020001,CAR,home,8478427,Sebastian Aho,20,C
2026-09-29,2026020001,FLA,away,8478859,Niko Mikkola,77,D
2026-09-29,2026020001,CAR,home,8478970,Jalen Chatfield,5,D
2026-09-29,2026020001,FLA,away,8479314,Matthew Tkachuk,19,L
2026-09-29,2026020001,FLA,away,8480185,Eetu Luostarinen,27,C
2026-09-29,2026020001,CAR,home,8480336,Sean Walker,26,D
2026-09-29,2026020001,CAR,home,8480762,Eric Robinson,50,L
2026-09-29,2026020001,FLA,away,8480801,Brady Tkachuk,8,L
2026-09-29,2026020001,CAR,home,8480817,K'Andre Miller,19,D
2026-09-29,2026020001,CAR,home,8480830,Andrei Svechnikov,37,R
2026-09-29,2026020001,FLA,away,8481033,Akira Schmid,40,G
2026-09-29,2026020001,CAR,home,8481611,Pyotr Kochetkov,52,G
2026-09-29,2026020001,FLA,away,8482113,Anton Lundell,15,C
2026-09-29,2026020001,CAR,home,8482702,Logan Stankoven,22,C
2026-09-29,2026020001,CAR,home,8482809,Jackson Blake,53,R
2026-09-29,2026020001,CAR,home,8483548,Brandon Bussi,32,G
2026-09-29,2026020001,FLA,away,8483771,Sandis Vilmanis,95,L
2026-09-29,2026020001,CAR,home,8484428,Charles Alexis Legault,62,D
2026-09-29,2026020002,TOR,home,8475166,John Tavares,91,C
2026-09-29,2026020002,TOR,home,8475171,Oliver Ekman-Larsson,95,D
2026-09-29,2026020002,MTL,away,8475184,Chris Kreider,22,L
2026-09-29,2026020002,TOR,home,8475683,Sergei Bobrovsky,72,G
2026-09-29,2026020002,TOR,home,8475690,Chris Tanev,8,D
2026-09-29,2026020002,MTL,away,8476479,Phillip Danault,24,C
2026-09-29,2026020002,TOR,home,8476853,Morgan Rielly,44,D
2026-09-29,2026020002,MTL,away,8476875,Mike Matheson,8,D
2026-09-29,2026020002,TOR,home,8476925,Colton Sissons,15,C
2026-09-29,2026020002,TOR,home,8476927,Teddy Blueger,73,C
2026-09-29,2026020002,TOR,home,8476931,Jake McCabe,22,D
2026-09-29,2026020002,TOR,home,8476932,Anthony Stolarz,41,G
2026-09-29,2026020002,MTL,away,8476981,Josh Anderson,17,R
2026-09-29,2026020002,TOR,home,8477426,Nick Paul,20,L
2026-09-29,2026020002,TOR,home,8477939,William Nylander,88,R
2026-09-29,2026020002,MTL,away,8478133,Jake Evans,71,C
2026-09-29,2026020002,TOR,home,8478178,Darren Raddysh,43,D
2026-09-29,2026020002,TOR,home,8478458,Jack Roslovic,96,C
2026-09-29,2026020002,MTL,away,8478470,Samuel Montembeault,35,G
2026-09-29,2026020002,MTL,away,8478851,Alexandre Carrier,45,D
2026-09-29,2026020002,TOR,home,8479318,Auston Matthews,34,C
2026-09-29,2026020002,TOR,home,8479442,Troy Stecher,28,D
2026-09-29,2026020002,TOR,home,8479520,Brandon Duhaime,24,L
2026-09-29,2026020002,TOR,home,8479772,Zack MacEwen,19,R
2026-09-29,2026020002,MTL,away,8480018,Nick Suzuki,14,C
2026-09-29,2026020002,MTL,away,8480074,Alexandre Texier,85,L
2026-09-29,2026020002,MTL,away,8480865,Noah Dobson,53,D
2026-09-29,2026020002,TOR,home,8480893,Kirill Marchenko,86,R
2026-09-29,2026020002,MTL,away,8481523,Kirby Dach,77,C
2026-09-29,2026020002,MTL,away,8481540,Cole Caufield,13,R
2026-09-29,2026020002,MTL,away,8481593,Jayden Struble,47,D
2026-09-29,2026020002,MTL,away,8481618,Alex Newhook,15,C
2026-09-29,2026020002,MTL,away,8482487,Jakub Dobes,75,G
2026-09-29,2026020002,MTL,away,8482737,Zachary Bolduc,76,R
2026-09-29,2026020002,MTL,away,8482964,Arber Xhekaj,72,D
2026-09-29,2026020002,MTL,away,8483457,Lane Hutson,48,D
2026-09-29,2026020002,MTL,away,8483515,Juraj Slafkovský,20,L
2026-09-29,2026020002,TOR,home,8484158,Easton Cowan,53,R
2026-09-29,2026020002,MTL,away,8484984,Ivan Demidov,93,R
2026-09-29,2026020002,TOR,home,8486067,Gavin McKenna,92,L
2026-09-29,2026020003,BOS,home,8476374,Sean Kuraly,52,C
2026-09-29,2026020003,NYR,away,8476459,Mika Zibanejad,93,C
2026-09-29,2026020003,NYR,away,8476468,J.T. Miller,10,C
2026-09-29,2026020003,BOS,home,8476854,Hampus Lindholm,27,D
2026-09-29,2026020003,NYR,away,8476914,Joonas Korpisalo,70,G
2026-09-29,2026020003,BOS,home,8477365,Connor Clifton,75,D
2026-09-29,2026020003,NYR,away,8477416,Oliver Bjorkstrand,28,R
2026-09-29,2026020003,BOS,home,8477496,Elias Lindholm,28,C
2026-09-29,2026020003,BOS,home,8477507,Nikita Zadorov,91,D
2026-09-29,2026020003,BOS,home,8477956,David Pastrnak,88,R
2026-09-29,2026020003,NYR,away,8477969,Marcus Pettersson,26,D
2026-09-29,2026020003,NYR,away,8478048,Igor Shesterkin,31,G
2026-09-29,2026020003,BOS,home,8478401,Pavel Zacha,18,C
2026-09-29,2026020003,BOS,home,8478840,Will Borgen,17,D
2026-09-29,2026020003,NYR,away,8478882,Vladislav Gavrikov,44,D
2026-09-29,2026020003,NYR,away,8479323,Adam Fox,23,D
2026-09-29,2026020003,BOS,home,8479661,Tanner Jeannot,84,L
2026-09-29,2026020003,BOS,home,8479987,Morgan Geekie,39,C
2026-09-29,2026020003,BOS,home,8479999,Casey Mittelstadt,11,C
2026-09-29,2026020003,NYR,away,8480009,Eeli Tolvanen,17,R
2026-09-29,2026020003,BOS,home,8480022,Michael DiPietro,30,G
2026-09-29,2026020003,BOS,home,8480280,Jeremy Swayman,1,G
2026-09-29,2026020003,BOS,home,8480355,Mark Kastelic,47,C
2026-09-29,2026020003,NYR,away,8480434,Sean Durzi,5,D
2026-09-29,2026020003,NYR,away,8480813,Joseph Veleno,90,C
2026-09-29,2026020003,BOS,home,8481219,Jonathan Aspirot,45,D
2026-09-29,2026020003,NYR,away,8481604,Pavel Dorofeyev,16,R
2026-09-29,2026020003,NYR,away,8481789,Tye Kartye,24,L
2026-09-29,2026020003,NYR,away,8482073,Braden Schneider,4,D
2026-09-29,2026020003,NYR,away,8482109,Alexis Lafrenière,13,L
2026-09-29,2026020003,NYR,away,8482157,Will Cuylle,50,L
2026-09-29,2026020003,BOS,home,8482175,JJ Peterka,10,R
2026-09-29,2026020003,BOS,home,8482177,Marat Khusnutdinov,92,C
2026-09-29,2026020003,NYR,away,8482460,Matt Rempe,73,C
2026-09-29,2026020003,BOS,home,8482511,Mason Lohrei,6,D
2026-09-29,2026020003,BOS,home,8483489,Fraser Minten,93,C
2026-09-29,2026020003,NYR,away,8483690,Noah Laba,42,C
2026-09-29,2026020003,NYR,away,8484210,Gabe Perreault,94,R
2026-09-29,2026020003,BOS,home,8485395,James Hagens,44,C
2026-09-29,2026020003,NYR,away,8485957,Alberts Smits,12,D
2026-09-29,2026020004,VAN,away,8474568,Luke Schenn,2,D
2026-09-29,2026020004,EDM,home,8475218,Mattias Ekholm,14,D
2026-09-29,2026020004,EDM,home,8475786,Zach Hyman,18,L
2026-09-29,2026020004,VAN,away,8475848,Brendan Gallagher,7,R
2026-09-29,2026020004,VAN,away,8476467,Jamie Oleksiak,4,D
2026-09-29,2026020004,EDM,home,8476473,Connor Murphy,5,D
2026-09-29,2026020004,EDM,home,8477465,Tristan Jarry,35,G
2026-09-29,2026020004,EDM,home,8477934,Leon Draisaitl,29,C
2026-09-29,2026020004,EDM,home,8477953,Kasperi Kapanen,42,R
2026-09-29,2026020004,EDM,home,8478013,Jake Walman,96,D
2026-09-29,2026020004,EDM,home,8478402,Connor McDavid,97,C
2026-09-29,2026020004,VAN,away,8478444,Brock Boeser,6,R
2026-09-29,2026020004,EDM,home,8478472,Mathieu Joseph,21,R
2026-09-29,2026020004,VAN,away,8478498,Jake DeBrusk,74,L
2026-09-29,2026020004,EDM,home,8478854,Ryan Shea,6,D
2026-09-29,2026020004,EDM,home,8479365,Trent Frederic,10,C
2026-09-29,2026020004,EDM,home,8479368,Max Jones,46,L
2026-09-29,2026020004,VAN,away,8479425,Filip Hronek,17,D
2026-09-29,2026020004,VAN,away,8480012,Elias Pettersson,40,C
2026-09-29,2026020004,EDM,home,8480029,Alex Formenton,26,L
2026-09-29,2026020004,EDM,home,8480803,Evan Bouchard,2,D
2026-09-29,2026020004,VAN,away,8480947,Kevin Lankinen,32,G
2026-09-29,2026020004,VAN,away,8481024,Linus Karlsson,94,C
2026-09-29,2026020004,VAN,away,8481032,Paul Cotter,47,L
2026-09-29,2026020004,EDM,home,8481617,Vasily Podkolzin,92,R
2026-09-29,2026020004,VAN,away,8482055,Drew O'Connor,18,L
2026-09-29,2026020004,VAN,away,8482079,Marco Rossi,23,C
2026-09-29,2026020004,EDM,home,8482166,Shakir Mukhamadullin,85,D
2026-09-29,2026020004,EDM,home,8482221,Devon Levi,27,G
2026-09-29,2026020004,VAN,away,8482447,Leevi Meriläinen,31,G
2026-09-29,2026020004,EDM,home,8482703,Colton Dach,34,C
2026-09-29,2026020004,VAN,away,8483395,Arshdeep Bains,13,L
2026-09-29,2026020004,EDM,home,8483455,Isaac Howard,53,L
2026-09-29,2026020004,VAN,away,8483476,Jonathan Lekkerimäki,88,R
2026-09-29,2026020004,VAN,away,8483499,Liam Ohgren,92,L
2026-09-29,2026020004,VAN,away,8483678,Elias Pettersson,25,D
2026-09-29,2026020004,VAN,away,8484136,Max Sasson,63,C
2026-09-29,2026020004,VAN,away,8484240,Tom Willander,5,D
2026-09-29,2026020004,VAN,away,8484798,Zeev Buium,8,D
2026-09-29,2026020004,EDM,home,8486161,Owen Michaels,43,R
2026-09-29,2026020005,CHI,away,8474013,Ian Cole,28,D
2026-09-29,2026020005,CHI,away,8474141,Patrick Kane,88,R
2026-09-29,2026020005,VGK,home,8475188,Brayden McNabb,3,D
2026-09-29,2026020005,VGK,home,8475343,Nic Dowd,26,C
2026-09-29,2026020005,VGK,home,8475913,Mark Stone,61,R
2026-09-29,2026020005,VGK,home,8476448,William Karlsson,71,C
2026-09-29,2026020005,VGK,home,8476881,Tomas Hertl,48,C
2026-09-29,2026020005,VGK,home,8477447,Shea Theodore,27,D
2026-09-29,2026020005,CHI,away,8477479,Tyler Bertuzzi,59,L
2026-09-29,2026020005,VGK,home,8477964,Ivan Barbashev,49,L
2026-09-29,2026020005,CHI,away,8477987,Ryan Donato,8,C
2026-09-29,2026020005,VGK,home,8478109,Victor Olofsson,95,L
2026-09-29,2026020005,CHI,away,8478233,Andrew Mangiapane,26,L
2026-09-29,2026020005,VGK,home,8478396,Noah Hanifin,15,D
2026-09-29,2026020005,VGK,home,8478397,Rasmus Andersson,4,D
2026-09-29,2026020005,VGK,home,8478403,Jack Eichel,9,C
2026-09-29,2026020005,CHI,away,8478413,Jordan Greenway,12,L
2026-09-29,2026020005,VGK,home,8478450,Parker Wotherspoon,29,D
2026-09-29,2026020005,VGK,home,8478468,Jeremy Lauzon,5,D
2026-09-29,2026020005,VGK,home,8478483,Mitch Marner,93,R
2026-09-29,2026020005,VGK,home,8478499,Adin Hill,33,G
2026-09-29,2026020005,VGK,home,8479353,Brett Howden,21,C
2026-09-29,2026020005,VGK,home,8479394,Carter Hart,79,G
2026-09-29,2026020005,CHI,away,8481519,Spencer Knight,30,G
2026-09-29,2026020005,CHI,away,8481524,Bowen Byram,24,D
2026-09-29,2026020005,CHI,away,8481568,Alex Vlasic,72,D
2026-09-29,2026020005,CHI,away,8482062,Cole Smith,22,R
2026-09-29,2026020005,CHI,away,8482176,Wyatt Kaiser,44,D
2026-09-29,2026020005,CHI,away,8482821,Arvid Soderblom,40,G
2026-09-29,2026020005,CHI,away,8483450,Ryan Greene,20,C
2026-09-29,2026020005,CHI,away,8483493,Frank Nazar,91,C
2026-09-29,2026020005,CHI,away,8483506,Sam Rinzel,6,D
2026-09-29,2026020005,VGK,home,8483553,Marc Gatcomb,17,C
2026-09-29,2026020005,VGK,home,8483890,Braeden Bowman,42,R
2026-09-29,2026020005,CHI,away,8484185,Nick Lardis,76,L
2026-09-29,2026020005,CHI,away,8484197,Oliver Moore,11,C
2026-09-29,2026020005,CHI,away,8484390,Roman Kantserov,80,R
2026-09-29,2026020005,CHI,away,8484783,Artyom Levshunov,55,D
2026-09-29,2026020005,VGK,home,8484803,Trevor Connelly,24,L
2026-09-29,2026020005,CHI,away,8485391,Anton Frondell,16,C
2026-09-30,2026020006,PIT,away,8471215,Evgeni Malkin,71,C
2026-09-30,2026020006,PIT,away,8471675,Sidney Crosby,87,C
2026-09-30,2026020006,PIT,away,8471724,Kris Letang,58,D
2026-09-30,2026020006,PIT,away,8474578,Erik Karlsson,65,D
2026-09-30,2026020006,PHI,home,8476372,Nick Seeler,24,D
2026-09-30,2026020006,PHI,home,8476461,Sean Couturier,14,C
2026-09-30,2026020006,PIT,away,8476483,Rickard Rakell,67,R
2026-09-30,2026020006,PHI,home,8477499,Rasmus Ristolainen,55,D
2026-09-30,2026020006,PIT,away,8477845,Trevor van Riemsdyk,57,D
2026-09-30,2026020006,PHI,home,8477948,Travis Sanheim,6,D
2026-09-30,2026020006,PHI,home,8477989,Christian Dvorak,22,C
2026-09-30,2026020006,PHI,home,8478435,Dan Vladar,80,G
2026-09-30,2026020006,PIT,away,8478438,Tommy Novak,18,C
2026-09-30,2026020006,PHI,home,8478439,Travis Konecny,11,R
2026-09-30,2026020006,PHI,home,8478569,Noel Acciari,52,C
2026-09-30,2026020006,PHI,home,8479336,Carl Grundstrom,91,R
2026-09-30,2026020006,PHI,home,8479361,Joseph Woll,53,G
2026-09-30,2026020006,PIT,away,8479398,Samuel Girard,49,D
2026-09-30,2026020006,PHI,home,8480015,Owen Tippett,74,R
2026-09-30,2026020006,PHI,home,8480220,Noah Cates,27,L
2026-09-30,2026020006,PIT,away,8480842,Filip Hallander,11,C
2026-09-30,2026020006,PIT,away,8480980,Connor Dewar,19,C
2026-09-30,2026020006,PHI,home,8481122,Simon Benoit,44,D
2026-09-30,2026020006,PIT,away,8481481,Blake Lizotte,46,C
2026-09-30,2026020006,PIT,away,8481527,Kaedan Korczak,6,D
2026-09-30,2026020006,PHI,home,8481533,Trevor Zegras,46,C
2026-09-30,2026020006,PHI,home,8481546,Cam York,8,D
2026-09-30,2026020006,PIT,away,8481582,Nick Robertson,14,L
2026-09-30,2026020006,PIT,away,8481668,Arturs Silovs,37,G
2026-09-30,2026020006,PIT,away,8481725,Elmer Soderblom,25,L
2026-09-30,2026020006,PHI,home,8482142,Jamie Drysdale,9,D
2026-09-30,2026020006,PIT,away,8482148,Hendrix Lapierre,22,C
2026-09-30,2026020006,PHI,home,8482159,Tyson Foerster,71,R
2026-09-30,2026020006,PIT,away,8482475,Egor Chinakhov,59,R
2026-09-30,2026020006,PIT,away,8482758,Ville Koivunen,41,R
2026-09-30,2026020006,PIT,away,8483398,Declan Carlile,72,D
2026-09-30,2026020006,PIT,away,8483703,Sergei Murashov,1,G
2026-09-30,2026020006,PHI,home,8483731,Alex Bump,20,L
2026-09-30,2026020006,PHI,home,8484387,Matvei Michkov,39,R
2026-09-30,2026020006,PHI,home,8485406,Porter Martone,94,R
2026-09-30,2026020008,NYI,away,8473575,Semyon Varlamov,40,G
2026-09-30,2026020008,NYI,away,8475151,Kyle Palmieri,21,C
2026-09-30,2026020008,TOR,home,8475166,John Tavares,91,C
2026-09-30,2026020008,NYI,away,8475170,Brayden Schenn,10,C
2026-09-30,2026020008,TOR,home,8475171,Oliver Ekman-Larsson,95,D
2026-09-30,2026020008,NYI,away,8475231,Casey Cizikas,53,C
2026-09-30,2026020008,TOR,home,8475683,Sergei Bobrovsky,72,G
2026-09-30,2026020008,TOR,home,8475690,Chris Tanev,8,D
2026-09-30,2026020008,NYI,away,8476292,Ondrej Palat,81,L
2026-09-30,2026020008,NYI,away,8476419,Jean-Gabriel Pageau,44,C
2026-09-30,2026020008,TOR,home,8476853,Morgan Rielly,44,D
2026-09-30,2026020008,NYI,away,8476917,Adam Pelech,3,D
2026-09-30,2026020008,TOR,home,8476925,Colton Sissons,15,C
2026-09-30,2026020008,TOR,home,8476927,Teddy Blueger,73,C
2026-09-30,2026020008,TOR,home,8476931,Jake McCabe,22,D
2026-09-30,2026020008,TOR,home,8476932,Anthony Stolarz,41,G
2026-09-30,2026020008,NYI,away,8477407,Anthony Duclair,11,L
2026-09-30,2026020008,TOR,home,8477426,Nick Paul,20,L
2026-09-30,2026020008,NYI,away,8477500,Bo Horvat,14,C
2026-09-30,2026020008,NYI,away,8477506,Ryan Pulock,6,D
2026-09-30,2026020008,TOR,home,8477939,William Nylander,88,R
2026-09-30,2026020008,NYI,away,8477950,Tony DeAngelo,77,D
2026-09-30,2026020008,NYI,away,8478009,Ilya Sorokin,30,G
2026-09-30,2026020008,TOR,home,8478178,Darren Raddysh,43,D
2026-09-30,2026020008,TOR,home,8478458,Jack Roslovic,96,C
2026-09-30,2026020008,TOR,home,8479318,Auston Matthews,34,C
2026-09-30,2026020008,NYI,away,8479378,Logan Stanley,8,D
2026-09-30,2026020008,TOR,home,8479442,Troy Stecher,28,D
2026-09-30,2026020008,TOR,home,8479520,Brandon Duhaime,24,L
2026-09-30,2026020008,TOR,home,8480870,Bo Groulx,29,C
2026-09-30,2026020008,TOR,home,8480893,Kirill Marchenko,86,R
2026-09-30,2026020008,NYI,away,8481014,Alexander Romanov,28,D
2026-09-30,2026020008,NYI,away,8481601,Simon Holmstrom,92,R
2026-09-30,2026020008,NYI,away,8481711,Matias Maccelli,63,L
2026-09-30,2026020008,NYI,away,8482476,Emil Heineman,51,L
2026-09-30,2026020008,TOR,home,8484158,Easton Cowan,53,R
2026-09-30,2026020008,NYI,away,8484221,Calum Ritchie,64,C
2026-09-30,2026020008,NYI,away,8485366,Matthew Schaefer,48,D
2026-09-30,2026020008,NYI,away,8485388,Victor Eklund,38,R
2026-09-30,2026020008,TOR,home,8486067,Gavin McKenna,92,L
2026-09-30,2026020007,COL,home,8470613,Brent Burns,84,D
2026-09-30,2026020007,LAK,away,8474563,Drew Doughty,8,D
2026-09-30,2026020007,COL,home,8475172,Nazem Kadri,91,C
2026-09-30,2026020007,LAK,away,8475208,Brian Dumoulin,2,D
2026-09-30,2026020007,LAK,away,8475287,Erik Haula,56,L
2026-09-30,2026020007,LAK,away,8475311,Darcy Kuemper,35,G
2026-09-30,2026020007,LAK,away,8475692,Mats Zuccarello,36,R
2026-09-30,2026020007,COL,home,8475754,Brock Nelson,11,C
2026-09-30,2026020007,COL,home,8475768,Jaden Schwartz,71,L
2026-09-30,2026020007,COL,home,8475809,Scott Wedgewood,41,G
2026-09-30,2026020007,COL,home,8476312,Josh Manson,42,D
2026-09-30,2026020007,LAK,away,8476341,Anton Forsberg,31,G
2026-09-30,2026020007,LAK,away,8476441,Joel Edmundson,6,D
2026-09-30,2026020007,COL,home,8476455,Gabriel Landeskog,92,L
2026-09-30,2026020007,LAK,away,8476469,Joel Armia,40,R
2026-09-30,2026020007,LAK,away,8476872,Scott Laughton,21,C
2026-09-30,2026020007,LAK,away,8476879,Cody Ceci,5,D
2026-09-30,2026020007,COL,home,8476967,Brett Kulak,27,D
2026-09-30,2026020007,COL,home,8477476,Artturi Lehkonen,62,L
2026-09-30,2026020007,COL,home,8477492,Nathan MacKinnon,29,C
2026-09-30,2026020007,LAK,away,8477960,Adrian Kempe,9,R
2026-09-30,2026020007,COL,home,8478038,Devon Toews,7,D
2026-09-30,2026020007,COL,home,8478406,Mackenzie Blackwood,39,G
2026-09-30,2026020007,COL,home,8478454,Noah Juulsen,47,D
2026-09-30,2026020007,COL,home,8478462,Nicolas Roy,10,C
2026-09-30,2026020007,LAK,away,8478550,Artemi Panarin,10,L
2026-09-30,2026020007,LAK,away,8479675,Trevor Moore,12,L
2026-09-30,2026020007,LAK,away,8479998,Mikey Anderson,44,D
2026-09-30,2026020007,COL,home,8480039,Martin Necas,88,C
2026-09-30,2026020007,COL,home,8480069,Cale Makar,8,D
2026-09-30,2026020007,COL,home,8480448,Parker Kelly,17,C
2026-09-30,2026020007,LAK,away,8481532,Alex Turcotte,15,C
2026-09-30,2026020007,LAK,away,8481732,Andre Lee,47,L
2026-09-30,2026020007,LAK,away,8482124,Quinton Byfield,55,R
2026-09-30,2026020007,LAK,away,8482155,Alex Laferriere,14,R
2026-09-30,2026020007,LAK,away,8482726,Samuel Helenius,79,C
2026-09-30,2026020007,LAK,away,8482730,Brandt Clarke,92,D
2026-09-30,2026020007,COL,home,8482768,Fedor Svechkov,9,C
2026-09-30,2026020007,COL,home,8484258,Sam Malinski,70,D
2026-09-30,2026020007,COL,home,8486171,T.J. Hughes,13,R
2026-10-01,2026020009,NJD,home,8474596,Jake Allen,34,G
2026-10-01,2026020009,NJD,home,8475455,Brenden Dillon,5,D
2026-10-01,2026020009,PHI,away,8476372,Nick Seeler,24,D
2026-10-01,2026020009,PHI,away,8476461,Sean Couturier,14,C
2026-10-01,2026020009,NJD,home,8476462,Dougie Hamilton,7,D
2026-10-01,2026020009,NJD,home,8476474,Stefan Noesen,11,R
2026-10-01,2026020009,NJD,home,8477488,Brett Pesce,22,D
2026-10-01,2026020009,PHI,away,8477499,Rasmus Ristolainen,55,D
2026-10-01,2026020009,NJD,home,8477511,Anthony Mantha,39,R
2026-10-01,2026020009,PHI,away,8477948,Travis Sanheim,6,D
2026-10-01,2026020009,PHI,away,8477989,Christian Dvorak,22,C
2026-10-01,2026020009,NJD,home,8478399,Jonas Siegenthaler,71,D
2026-10-01,2026020009,NJD,home,8478414,Timo Meier,28,R
2026-10-01,2026020009,PHI,away,8478435,Dan Vladar,80,G
2026-10-01,2026020009,PHI,away,8478439,Travis Konecny,11,R
2026-10-01,2026020009,NJD,home,8478542,Evan Rodrigues,17,C
2026-10-01,2026020009,PHI,away,8478569,Noel Acciari,52,C
2026-10-01,2026020009,PHI,away,8479336,Carl Grundstrom,91,R
2026-10-01,2026020009,PHI,away,8479361,Joseph Woll,53,G
2026-10-01,2026020009,NJD,home,8479407,Jesper Bratt,63,L
2026-10-01,2026020009,NJD,home,8479996,Cody Glass,12,C
2026-10-01,2026020009,NJD,home,8480002,Nico Hischier,13,C
2026-10-01,2026020009,PHI,away,8480015,Owen Tippett,74,R
2026-10-01,2026020009,PHI,away,8480220,Noah Cates,27,L
2026-10-01,2026020009,NJD,home,8480990,Declan Chisholm,47,D
2026-10-01,2026020009,PHI,away,8481122,Simon Benoit,44,D
2026-10-01,2026020009,PHI,away,8481533,Trevor Zegras,46,C
2026-10-01,2026020009,PHI,away,8481546,Cam York,8,D
2026-10-01,2026020009,NJD,home,8481559,Jack Hughes,86,C
2026-10-01,2026020009,NJD,home,8481721,Arseny Gritsyuk,81,R
2026-10-01,2026020009,NJD,home,8482076,Nico Daws,50,G
2026-10-01,2026020009,NJD,home,8482110,Dawson Mercer,91,C
2026-10-01,2026020009,PHI,away,8482142,Jamie Drysdale,9,D
2026-10-01,2026020009,NJD,home,8482146,Luke Evangelista,77,R
2026-10-01,2026020009,PHI,away,8482159,Tyson Foerster,71,R
2026-10-01,2026020009,NJD,home,8482684,Luke Hughes,43,D
2026-10-01,2026020009,NJD,home,8483695,Amadeus Lombardi,93,C
2026-10-01,2026020009,PHI,away,8483731,Alex Bump,20,L
2026-10-01,2026020009,PHI,away,8484387,Matvei Michkov,39,R
2026-10-01,2026020009,PHI,away,8485406,Porter Martone,94,R
2026-10-01,2026020010,TBL,away,8474151,Ryan McDonagh,27,D
2026-10-01,2026020010,TBL,away,8474590,John Carlson,74,D
2026-10-01,2026020010,TBL,away,8475167,Victor Hedman,77,D
2026-10-01,2026020010,TBL,away,8476453,Nikita Kucherov,86,R
2026-10-01,2026020010,NYR,home,8476459,Mika Zibanejad,93,C
2026-10-01,2026020010,NYR,home,8476468,J.T. Miller,10,C
2026-10-01,2026020010,TBL,away,8476878,Zemgus Girgensons,28,C
2026-10-01,2026020010,TBL,away,8476883,Andrei Vasilevskiy,88,G
2026-10-01,2026020010,TBL,away,8477404,Jake Guentzel,59,C
2026-10-01,2026020010,NYR,home,8477416,Oliver Bjorkstrand,28,R
2026-10-01,2026020010,NYR,home,8477969,Marcus Pettersson,26,D
2026-10-01,2026020010,TBL,away,8478010,Brayden Point,21,C
2026-10-01,2026020010,NYR,home,8478048,Igor Shesterkin,31,G
2026-10-01,2026020010,TBL,away,8478416,Erik Cernak,81,D
2026-10-01,2026020010,TBL,away,8478424,Jansen Harkins,10,C
2026-10-01,2026020010,TBL,away,8478519,Anthony Cirelli,71,C
2026-10-01,2026020010,NYR,home,8478882,Vladislav Gavrikov,44,D
2026-10-01,2026020010,NYR,home,8479323,Adam Fox,23,D
2026-10-01,2026020010,TBL,away,8479542,Brandon Hagel,38,L
2026-10-01,2026020010,TBL,away,8479705,Jeffrey Viel,25,L
2026-10-01,2026020010,NYR,home,8480009,Eeli Tolvanen,17,R
2026-10-01,2026020010,TBL,away,8480426,Charle-Edouard D'Astous,51,D
2026-10-01,2026020010,NYR,home,8480434,Sean Durzi,5,D
2026-10-01,2026020010,NYR,home,8480813,Joseph Veleno,90,C
2026-10-01,2026020010,TBL,away,8480995,Pontus Holmberg,29,R
2026-10-01,2026020010,NYR,home,8481604,Pavel Dorofeyev,16,R
2026-10-01,2026020010,TBL,away,8481624,Ilya Mikheyev,95,R
2026-10-01,2026020010,NYR,home,8481789,Tye Kartye,24,L
2026-10-01,2026020010,NYR,home,8482073,Braden Schneider,4,D
2026-10-01,2026020010,NYR,home,8482109,Alexis Lafrenière,13,L
2026-10-01,2026020010,NYR,home,8482157,Will Cuylle,50,L
2026-10-01,2026020010,NYR,home,8482193,Dylan Garand,33,G
2026-10-01,2026020010,TBL,away,8482201,Gage Goncalves,93,C
2026-10-01,2026020010,TBL,away,8482655,J.J. Moser,90,D
2026-10-01,2026020010,NYR,home,8482877,Jaroslav Chmelar,49,R
2026-10-01,2026020010,TBL,away,8483447,Conor Geekie,94,C
2026-10-01,2026020010,NYR,home,8483690,Noah Laba,42,C
2026-10-01,2026020010,TBL,away,8483710,Dennis Hildeby,35,G
2026-10-01,2026020010,NYR,home,8484210,Gabe Perreault,94,R
2026-10-01,2026020010,NYR,home,8485957,Alberts Smits,12,D
2026-10-01,2026020011,CBJ,home,8475660,Cam Talbot,33,G
2026-10-01,2026020011,CBJ,home,8475745,Charlie Coyle,3,C
2026-10-01,2026020011,CBJ,home,8475790,Erik Gudbranson,44,D
2026-10-01,2026020011,BUF,away,8475842,Sam Carrick,10,C
2026-10-01,2026020011,BUF,away,8476891,Matt Grzelcyk,24,D
2026-10-01,2026020011,CBJ,home,8477369,Carson Soucy,7,D
2026-10-01,2026020011,CBJ,home,8477497,Sean Monahan,23,C
2026-10-01,2026020011,CBJ,home,8477501,Valeri Nichushkin,43,R
2026-10-01,2026020011,CBJ,home,8478046,Danton Heinen,58,L
2026-10-01,2026020011,CBJ,home,8478460,Zach Werenski,8,D
2026-10-01,2026020011,CBJ,home,8478856,Conor Garland,83,R
2026-10-01,2026020011,CBJ,home,8479066,Ryan Lomberg,94,L
2026-10-01,2026020011,BUF,away,8479359,Beck Malenstyn,29,L
2026-10-01,2026020011,BUF,away,8479420,Tage Thompson,72,C
2026-10-01,2026020011,CBJ,home,8479671,Mathieu Olivier,24,R
2026-10-01,2026020011,BUF,away,8480045,Ukko-Pekka Luukkonen,1,G
2026-10-01,2026020011,BUF,away,8480064,Josh Norris,9,C
2026-10-01,2026020011,BUF,away,8480802,Ryan McLeod,71,C
2026-10-01,2026020011,BUF,away,8480807,Mattias Samuelsson,23,D
2026-10-01,2026020011,BUF,away,8480839,Rasmus Dahlin,26,D
2026-10-01,2026020011,CBJ,home,8481161,Jake Christiansen,2,D
2026-10-01,2026020011,BUF,away,8481522,Peyton Krebs,19,C
2026-10-01,2026020011,BUF,away,8481551,Colten Ellis,92,G
2026-10-01,2026020011,CBJ,home,8481716,Dmitri Voronkov,10,L
2026-10-01,2026020011,BUF,away,8481806,Louis Crevier,46,D
2026-10-01,2026020011,BUF,away,8482097,Jack Quinn,22,R
2026-10-01,2026020011,CBJ,home,8482126,Emil Andrae,36,D
2026-10-01,2026020011,BUF,away,8482659,Josh Doan,91,R
2026-10-01,2026020011,CBJ,home,8482660,Kent Johnson,91,C
2026-10-01,2026020011,BUF,away,8482671,Owen Power,25,D
2026-10-01,2026020011,CBJ,home,8482705,Cole Sillinger,4,C
2026-10-01,2026020011,CBJ,home,8482720,Matthew Knies,89,L
2026-10-01,2026020011,CBJ,home,8482982,Jet Greaves,73,G
2026-10-01,2026020011,BUF,away,8483468,Jiri Kulich,20,C
2026-10-01,2026020011,CBJ,home,8483485,Denton Mateychuk,5,D
2026-10-01,2026020011,BUF,away,8483500,Noah Ostlund,86,C
2026-10-01,2026020011,BUF,away,8484145,Zach Benson,6,L
2026-10-01,2026020011,CBJ,home,8484166,Adam Fantilli,19,C
2026-10-01,2026020011,BUF,away,8484305,Zach Metsa,73,D
2026-10-01,2026020011,BUF,away,8484797,Konsta Helenius,94,C
2026-10-01,2026020012,MIN,away,8473422,Nick Foligno,71,L
2026-10-01,2026020012,NSH,home,8474564,Steven Stamkos,91,C
2026-10-01,2026020012,MIN,away,8474567,Zach Bogosian,24,D
2026-10-01,2026020012,NSH,home,8474600,Roman Josi,59,D
2026-10-01,2026020012,MIN,away,8474716,Jared Spurgeon,46,D
2026-10-01,2026020012,NSH,home,8475158,Ryan O'Reilly,90,C
2026-10-01,2026020012,MIN,away,8475220,Marcus Foligno,17,L
2026-10-01,2026020012,MIN,away,8475717,Calvin Pickard,31,G
2026-10-01,2026020012,MIN,away,8476399,Blake Coleman,20,L
2026-10-01,2026020012,MIN,away,8476463,Jonas Brodin,25,D
2026-10-01,2026020012,NSH,home,8476539,Jonathan Marchessault,81,R
2026-10-01,2026020012,NSH,home,8476869,Brady Skjei,76,D
2026-10-01,2026020012,MIN,away,8476874,Olli Maatta,3,D
2026-10-01,2026020012,NSH,home,8476887,Filip Forsberg,9,L
2026-10-01,2026020012,NSH,home,8477021,Alexander Kerfoot,14,C
2026-10-01,2026020012,NSH,home,8477424,Juuse Saros,74,G
2026-10-01,2026020012,MIN,away,8477446,Michael McCarron,47,C
2026-10-01,2026020012,MIN,away,8477451,Ryan Hartman,38,R
2026-10-01,2026020012,MIN,away,8478493,Joel Eriksson Ek,14,C
2026-10-01,2026020012,MIN,away,8478508,Yakov Trenin,13,C
2026-10-01,2026020012,MIN,away,8478864,Kirill Kaprizov,97,L
2026-10-01,2026020012,NSH,home,8479525,Ross Colton,79,C
2026-10-01,2026020012,NSH,home,8479980,Nicolas Hague,41,D
2026-10-01,2026020012,NSH,home,8480246,Nick Perbix,48,D
2026-10-01,2026020012,MIN,away,8480800,Quinn Hughes,43,D
2026-10-01,2026020012,NSH,home,8480835,Jack Drury,18,C
2026-10-01,2026020012,NSH,home,8481020,Justus Annunen,29,G
2026-10-01,2026020012,NSH,home,8481535,Nils Hoglander,21,L
2026-10-01,2026020012,MIN,away,8481553,Bobby Brink,10,R
2026-10-01,2026020012,MIN,away,8481557,Matt Boldy,12,L
2026-10-01,2026020012,NSH,home,8481726,Adam Edstrom,84,C
2026-10-01,2026020012,MIN,away,8482094,Daemon Hunt,48,D
2026-10-01,2026020012,NSH,home,8482145,Mavrik Bourque,22,C
2026-10-01,2026020012,NSH,home,8482482,Adam Wilsby,2,D
2026-10-01,2026020012,MIN,away,8482661,Jesper Wallstedt,30,G
2026-10-01,2026020012,NSH,home,8482715,Ryan Ufko,12,D
2026-10-01,2026020012,NSH,home,8483513,Reid Schaefer,49,L
2026-10-01,2026020012,MIN,away,8483525,Danila Yurov,22,R
2026-10-01,2026020012,NSH,home,8484241,Matthew Wood,71,R
2026-10-01,2026020012,MIN,away,8485702,Maxim Shabanov,49,R
2026-10-01,2026020014,CGY,home,8474150,Mikael Backlund,11,C
2026-10-01,2026020014,SEA,away,8474586,Jordan Eberle,7,R
2026-10-01,2026020014,SEA,away,8475831,Philipp Grubauer,31,G
2026-10-01,2026020014,SEA,away,8476457,Adam Larsson,6,D
2026-10-01,2026020014,CGY,home,8476458,Ryan Strome,22,C
2026-10-01,2026020014,SEA,away,8476905,Chandler Stephenson,9,C
2026-10-01,2026020014,SEA,away,8477919,Frederick Gaudreau,89,C
2026-10-01,2026020014,SEA,away,8477955,Jared McCann,19,L
2026-10-01,2026020014,SEA,away,8477986,Brandon Montour,62,D
2026-10-01,2026020014,CGY,home,8478136,Jake Middleton,55,D
2026-10-01,2026020014,SEA,away,8478407,Vince Dunn,29,D
2026-10-01,2026020014,SEA,away,8478916,Joey Daccord,35,G
2026-10-01,2026020014,SEA,away,8479324,Ryan Lindgren,55,D
2026-10-01,2026020014,SEA,away,8479372,Josh Mahura,28,D
2026-10-01,2026020014,CGY,home,8480028,Morgan Frost,16,C
2026-10-01,2026020014,CGY,home,8480727,Zach Whitecloud,28,D
2026-10-01,2026020014,CGY,home,8480797,Joel Farabee,86,L
2026-10-01,2026020014,CGY,home,8480860,Kevin Bahl,7,D
2026-10-01,2026020014,SEA,away,8480876,Curtis Douglas,42,C
2026-10-01,2026020014,CGY,home,8481028,Martin Pospisil,76,C
2026-10-01,2026020014,CGY,home,8481068,Yegor Sharangovich,17,C
2026-10-01,2026020014,SEA,away,8481554,Kaapo Kakko,84,R
2026-10-01,2026020014,CGY,home,8481692,Dustin Wolf,32,G
2026-10-01,2026020014,CGY,home,8482074,Connor Zary,47,C
2026-10-01,2026020014,CGY,home,8482165,Yan Kuznetsov,37,D
2026-10-01,2026020014,SEA,away,8482259,Bobby McMann,74,C
2026-10-01,2026020014,CGY,home,8482445,Devin Cooley,1,G
2026-10-01,2026020014,SEA,away,8482665,Matty Beniers,10,C
2026-10-01,2026020014,CGY,home,8482679,Matt Coronato,27,R
2026-10-01,2026020014,SEA,away,8482751,Ryan Winterton,26,C
2026-10-01,2026020014,SEA,away,8482858,Ryker Evans,41,D
2026-10-01,2026020014,SEA,away,8482874,Jacob Melanson,63,R
2026-10-01,2026020014,CGY,home,8483495,Simon Nemec,71,D
2026-10-01,2026020014,SEA,away,8483524,Shane Wright,51,C
2026-10-01,2026020014,CGY,home,8483609,Adam Klapka,43,R
2026-10-01,2026020014,CGY,home,8484180,Samuel Honzek,29,L
2026-10-01,2026020014,CGY,home,8484768,Zayne Parekh,19,D
2026-10-01,2026020014,SEA,away,8484800,Berkly Catton,27,C
2026-10-01,2026020014,CGY,home,8484860,Matvei Gridin,92,R
2026-10-01,2026020014,CGY,home,8484958,Maxim Tsyplakov,72,R
2026-10-01,2026020013,CHI,away,8474013,Ian Cole,28,D
2026-10-01,2026020013,CHI,away,8474141,Patrick Kane,88,R
2026-10-01,2026020013,UTA,home,8475314,Anders Lee,72,L
2026-10-01,2026020013,UTA,home,8476389,Vincent Trocheck,16,C
2026-10-01,2026020013,CHI,away,8476882,Teuvo Teravainen,86,C
2026-10-01,2026020013,UTA,home,8477220,Nate Schmidt,88,D
2026-10-01,2026020013,UTA,home,8477346,MacKenzie Weegar,52,D
2026-10-01,2026020013,CHI,away,8477479,Tyler Bertuzzi,59,L
2026-10-01,2026020013,UTA,home,8477951,Nick Schmaltz,8,C
2026-10-01,2026020013,CHI,away,8477987,Ryan Donato,8,C
2026-10-01,2026020013,CHI,away,8478413,Jordan Greenway,12,L
2026-10-01,2026020013,UTA,home,8478474,Lawson Crouse,67,L
2026-10-01,2026020013,UTA,home,8478507,John Marino,6,D
2026-10-01,2026020013,UTA,home,8478831,Kevin Stenlund,82,C
2026-10-01,2026020013,UTA,home,8478872,Karel Vejmelka,70,G
2026-10-01,2026020013,UTA,home,8479343,Clayton Keller,9,R
2026-10-01,2026020013,UTA,home,8479369,Andrew Peeke,20,D
2026-10-01,2026020013,UTA,home,8479410,Mikhail Sergachev,98,D
2026-10-01,2026020013,UTA,home,8479619,Michael Carcone,53,L
2026-10-01,2026020013,UTA,home,8480849,Barrett Hayton,27,C
2026-10-01,2026020013,UTA,home,8480855,Jack McBain,22,C
2026-10-01,2026020013,CHI,away,8481519,Spencer Knight,30,G
2026-10-01,2026020013,CHI,away,8481524,Bowen Byram,24,D
2026-10-01,2026020013,CHI,away,8481568,Alex Vlasic,72,D
2026-10-01,2026020013,CHI,away,8482062,Cole Smith,22,R
2026-10-01,2026020013,CHI,away,8482176,Wyatt Kaiser,44,D
2026-10-01,2026020013,UTA,home,8482657,Sebastian Cossa,33,G
2026-10-01,2026020013,UTA,home,8482699,Dylan Guenther,11,R
2026-10-01,2026020013,CHI,away,8482821,Arvid Soderblom,40,G
2026-10-01,2026020013,UTA,home,8483431,Logan Cooley,92,C
2026-10-01,2026020013,CHI,away,8483450,Ryan Greene,20,C
2026-10-01,2026020013,CHI,away,8483493,Frank Nazar,91,C
2026-10-01,2026020013,CHI,away,8483506,Sam Rinzel,6,D
2026-10-01,2026020013,CHI,away,8484185,Nick Lardis,76,L
2026-10-01,2026020013,CHI,away,8484197,Oliver Moore,11,C
2026-10-01,2026020013,UTA,home,8484386,Dmitri Simashev,26,D
2026-10-01,2026020013,UTA,home,8484388,Daniil But,50,L
2026-10-01,2026020013,CHI,away,8484390,Roman Kantserov,80,R
2026-10-01,2026020013,CHI,away,8484783,Artyom Levshunov,55,D
2026-10-01,2026020013,CHI,away,8485391,Anton Frondell,16,C
2026-10-01,2026020015,VAN,home,8474568,Luke Schenn,2,D
2026-10-01,2026020015,EDM,away,8475218,Mattias Ekholm,14,D
2026-10-01,2026020015,VAN,home,8475848,Brendan Gallagher,7,R
2026-10-01,2026020015,VAN,home,8476467,Jamie Oleksiak,4,D
2026-10-01,2026020015,EDM,away,8476473,Connor Murphy,5,D
2026-10-01,2026020015,EDM,away,8477465,Tristan Jarry,35,G
2026-10-01,2026020015,EDM,away,8477934,Leon Draisaitl,29,C
2026-10-01,2026020015,EDM,away,8477953,Kasperi Kapanen,42,R
2026-10-01,2026020015,EDM,away,8478013,Jake Walman,96,D
2026-10-01,2026020015,EDM,away,8478402,Connor McDavid,97,C
2026-10-01,2026020015,VAN,home,8478444,Brock Boeser,6,R
2026-10-01,2026020015,EDM,away,8478472,Mathieu Joseph,21,R
2026-10-01,2026020015,VAN,home,8478498,Jake DeBrusk,74,L
2026-10-01,2026020015,EDM,away,8478854,Ryan Shea,6,D
2026-10-01,2026020015,EDM,away,8479365,Trent Frederic,10,C
2026-10-01,2026020015,EDM,away,8479368,Max Jones,46,L
2026-10-01,2026020015,VAN,home,8479425,Filip Hronek,17,D
2026-10-01,2026020015,VAN,home,8480012,Elias Pettersson,40,C
2026-10-01,2026020015,EDM,away,8480029,Alex Formenton,26,L
2026-10-01,2026020015,EDM,away,8480803,Evan Bouchard,2,D
2026-10-01,2026020015,VAN,home,8480947,Kevin Lankinen,32,G
2026-10-01,2026020015,VAN,home,8481024,Linus Karlsson,94,C
2026-10-01,2026020015,VAN,home,8481032,Paul Cotter,47,L
2026-10-01,2026020015,EDM,away,8481617,Vasily Podkolzin,92,R
2026-10-01,2026020015,VAN,home,8482055,Drew O'Connor,18,L
2026-10-01,2026020015,VAN,home,8482079,Marco Rossi,23,C
2026-10-01,2026020015,EDM,away,8482166,Shakir Mukhamadullin,85,D
2026-10-01,2026020015,EDM,away,8482221,Devon Levi,27,G
2026-10-01,2026020015,VAN,home,8482447,Leevi Meriläinen,31,G
2026-10-01,2026020015,EDM,away,8482703,Colton Dach,34,C
2026-10-01,2026020015,VAN,home,8483395,Arshdeep Bains,13,L
2026-10-01,2026020015,EDM,away,8483455,Isaac Howard,53,L
2026-10-01,2026020015,VAN,home,8483476,Jonathan Lekkerimäki,88,R
2026-10-01,2026020015,VAN,home,8483499,Liam Ohgren,92,L
2026-10-01,2026020015,VAN,home,8483678,Elias Pettersson,25,D
2026-10-01,2026020015,VAN,home,8484136,Max Sasson,63,C
2026-10-01,2026020015,VAN,home,8484240,Tom Willander,5,D
2026-10-01,2026020015,EDM,away,8484509,Josh Samanski,81,C
2026-10-01,2026020015,VAN,home,8484798,Zeev Buium,8,D
2026-10-01,2026020015,EDM,away,8486161,Owen Michaels,43,R
2026-10-01,2026020016,FLA,away,8474189,Lars Eller,20,C
2026-10-01,2026020016,FLA,away,8474593,Jacob Markstrom,25,G
2026-10-01,2026020016,FLA,away,8475179,Dmitry Kulikov,7,D
2026-10-01,2026020016,SJS,home,8475200,Dmitry Orlov,9,D
2026-10-01,2026020016,FLA,away,8475462,Radko Gudas,6,D
2026-10-01,2026020016,SJS,home,8475726,Tyler Toffoli,73,C
2026-10-01,2026020016,SJS,home,8476624,Barclay Goodrow,23,C
2026-10-01,2026020016,SJS,home,8476885,Jacob Trouba,65,D
2026-10-01,2026020016,FLA,away,8477409,Carter Verhaeghe,23,C
2026-10-01,2026020016,FLA,away,8477493,Aleksander Barkov,16,C
2026-10-01,2026020016,FLA,away,8477495,Seth Jones,3,D
2026-10-01,2026020016,SJS,home,8477498,Darnell Nurse,25,D
2026-10-01,2026020016,SJS,home,8477505,Alexander Wennberg,21,C
2026-10-01,2026020016,FLA,away,8477903,Garnet Hathaway,21,R
2026-10-01,2026020016,FLA,away,8477932,Aaron Ekblad,5,D
2026-10-01,2026020016,FLA,away,8477933,Sam Reinhart,13,C
2026-10-01,2026020016,FLA,away,8477935,Sam Bennett,9,C
2026-10-01,2026020016,SJS,home,8477968,Alex Nedeljkovic,33,G
2026-10-01,2026020016,FLA,away,8478147,Bokondji Imama,14,L
2026-10-01,2026020016,FLA,away,8478859,Niko Mikkola,77,D
2026-10-01,2026020016,SJS,home,8478975,Mason Marchment,27,L
2026-10-01,2026020016,FLA,away,8479314,Matthew Tkachuk,19,L
2026-10-01,2026020016,FLA,away,8480185,Eetu Luostarinen,27,C
2026-10-01,2026020016,SJS,home,8480748,Kiefer Sherwood,44,L
2026-10-01,2026020016,FLA,away,8480801,Brady Tkachuk,8,L
2026-10-01,2026020016,SJS,home,8480891,Michael Kesselring,7,D
2026-10-01,2026020016,FLA,away,8481033,Akira Schmid,40,G
2026-10-01,2026020016,FLA,away,8482113,Anton Lundell,15,C
2026-10-01,2026020016,SJS,home,8482137,Yaroslav Askarov,30,G
2026-10-01,2026020016,SJS,home,8482700,Nolan Allan,5,D
2026-10-01,2026020016,SJS,home,8482859,Zack Ostapchuk,63,C
2026-10-01,2026020016,FLA,away,8483771,Sandis Vilmanis,95,L
2026-10-01,2026020016,SJS,home,8484152,Luca Cagnoni,42,D
2026-10-01,2026020016,SJS,home,8484227,Will Smith,2,C
2026-10-01,2026020016,FLA,away,8484304,Uvis Balinskis,26,D
2026-10-01,2026020016,SJS,home,8484801,Macklin Celebrini,71,C
2026-10-01,2026020016,SJS,home,8484911,Collin Graf,51,R
2026-10-01,2026020016,SJS,home,8484994,Igor Chernyshov,92,L
2026-10-01,2026020016,SJS,home,8485402,Michael Misa,77,C
2026-10-01,2026020016,SJS,home,8486103,Ivar Stenberg,41,L
2026-10-02,2026020017,DET,home,8475279,Ben Chiarot,8,D
2026-10-02,2026020017,DET,home,8475753,Justin Faulk,72,D
2026-10-02,2026020017,DET,home,8476434,John Gibson,36,G
2026-10-02,2026020017,NYR,away,8476459,Mika Zibanejad,93,C
2026-10-02,2026020017,NYR,away,8476468,J.T. Miller,10,C
2026-10-02,2026020017,NYR,away,8477416,Oliver Bjorkstrand,28,R
2026-10-02,2026020017,DET,home,8477429,Andrew Copp,18,C
2026-10-02,2026020017,DET,home,8477456,J.T. Compher,37,L
2026-10-02,2026020017,NYR,away,8477969,Marcus Pettersson,26,D
2026-10-02,2026020017,DET,home,8478042,Viktor Arvidsson,33,L
2026-10-02,2026020017,NYR,away,8478048,Igor Shesterkin,31,G
2026-10-02,2026020017,DET,home,8478434,Keegan Kolesar,55,R
2026-10-02,2026020017,NYR,away,8478882,Vladislav Gavrikov,44,D
2026-10-02,2026020017,DET,home,8478891,Mason Appleton,22,C
2026-10-02,2026020017,NYR,away,8479323,Adam Fox,23,D
2026-10-02,2026020017,DET,home,8479337,Alex DeBrincat,93,R
2026-10-02,2026020017,DET,home,8479992,Michael Rasmussen,27,C
2026-10-02,2026020017,NYR,away,8480009,Eeli Tolvanen,17,R
2026-10-02,2026020017,DET,home,8480193,Daniil Tarasov,80,G
2026-10-02,2026020017,NYR,away,8480434,Sean Durzi,5,D
2026-10-02,2026020017,NYR,away,8480813,Joseph Veleno,90,C
2026-10-02,2026020017,DET,home,8481542,Moritz Seider,53,D
2026-10-02,2026020017,NYR,away,8481604,Pavel Dorofeyev,16,R
2026-10-02,2026020017,DET,home,8481607,Albert Johansson,20,D
2026-10-02,2026020017,NYR,away,8481789,Tye Kartye,24,L
2026-10-02,2026020017,NYR,away,8482073,Braden Schneider,4,D
2026-10-02,2026020017,DET,home,8482078,Lucas Raymond,23,L
2026-10-02,2026020017,NYR,away,8482109,Alexis Lafrenière,13,L
2026-10-02,2026020017,NYR,away,8482157,Will Cuylle,50,L
2026-10-02,2026020017,NYR,away,8482193,Dylan Garand,33,G
2026-10-02,2026020017,NYR,away,8482877,Jaroslav Chmelar,49,R
2026-10-02,2026020017,DET,home,8483464,Marco Kasper,92,C
2026-10-02,2026020017,DET,home,8483679,Anton Johansson,42,D
2026-10-02,2026020017,NYR,away,8483690,Noah Laba,42,C
2026-10-02,2026020017,DET,home,8484160,Nate Danielson,29,C
2026-10-02,2026020017,NYR,away,8484210,Gabe Perreault,94,R
2026-10-02,2026020017,DET,home,8484223,Axel Sandin-Pellikka,44,D
2026-10-02,2026020017,DET,home,8484471,Emmitt Finnie,58,C
2026-10-02,2026020017,DET,home,8484794,Michael Brandsegg-Nygård,28,R
2026-10-02,2026020017,NYR,away,8485957,Alberts Smits,12,D
2026-10-02,2026020018,WSH,away,8471214,Alex Ovechkin,8,L
2026-10-02,2026020018,CAR,home,8473533,Jordan Staal,11,C
2026-10-02,2026020018,CAR,home,8475235,Nicolas Deslauriers,44,L
2026-10-02,2026020018,CAR,home,8475791,Taylor Hall,71,L
2026-10-02,2026020018,WSH,away,8476432,Boone Jenner,22,C
2026-10-02,2026020018,CAR,home,8476873,Mark Jankowski,77,L
2026-10-02,2026020018,WSH,away,8476880,Tom Wilson,43,R
2026-10-02,2026020018,CAR,home,8476906,Shayne Gostisbehere,4,D
2026-10-02,2026020018,CAR,home,8476921,Jordan Martinook,48,L
2026-10-02,2026020018,CAR,home,8476958,Jaccob Slavin,74,D
2026-10-02,2026020018,CAR,home,8477478,William Carrier,28,L
2026-10-02,2026020018,CAR,home,8477940,Nikolaj Ehlers,27,L
2026-10-02,2026020018,WSH,away,8477949,Alex Tuch,89,R
2026-10-02,2026020018,CAR,home,8478427,Sebastian Aho,20,C
2026-10-02,2026020018,WSH,away,8478440,Dylan Strome,17,C
2026-10-02,2026020018,WSH,away,8478463,Anthony Beauvillier,72,R
2026-10-02,2026020018,WSH,away,8478911,Matt Roy,3,D
2026-10-02,2026020018,CAR,home,8478970,Jalen Chatfield,5,D
2026-10-02,2026020018,WSH,away,8479292,Charlie Lindgren,79,G
2026-10-02,2026020018,WSH,away,8479345,Jakob Chychrun,6,D
2026-10-02,2026020018,WSH,away,8479385,Jordan Kyrou,25,R
2026-10-02,2026020018,WSH,away,8479400,Pierre-Luc Dubois,80,C
2026-10-02,2026020018,WSH,away,8479576,Vincent Desharnais,73,D
2026-10-02,2026020018,WSH,away,8480043,Timothy Liljegren,27,D
2026-10-02,2026020018,WSH,away,8480313,Logan Thompson,48,G
2026-10-02,2026020018,CAR,home,8480336,Sean Walker,26,D
2026-10-02,2026020018,CAR,home,8480762,Eric Robinson,50,L
2026-10-02,2026020018,WSH,away,8480796,Martin Fehérváry,42,D
2026-10-02,2026020018,CAR,home,8480817,K'Andre Miller,19,D
2026-10-02,2026020018,CAR,home,8480830,Andrei Svechnikov,37,R
2026-10-02,2026020018,CAR,home,8481611,Pyotr Kochetkov,52,G
2026-10-02,2026020018,WSH,away,8481656,Aliaksei Protas,21,L
2026-10-02,2026020018,WSH,away,8482088,Justin Sourdif,34,C
2026-10-02,2026020018,CAR,home,8482702,Logan Stankoven,22,C
2026-10-02,2026020018,CAR,home,8482809,Jackson Blake,53,R
2026-10-02,2026020018,CAR,home,8483548,Brandon Bussi,32,G
2026-10-02,2026020018,WSH,away,8484186,Ryan Leonard,9,R
2026-10-02,2026020018,CAR,home,8484428,Charles Alexis Legault,62,D
2026-10-02,2026020018,WSH,away,8484873,Cole Hutson,44,D
2026-10-02,2026020018,WSH,away,8484999,Ilya Protas,62,L
2026-10-02,2026020019,WPG,home,8475799,Nino Niederreiter,62,R
2026-10-02,2026020019,WPG,home,8476331,Dylan DeMelo,2,D
2026-10-02,2026020019,BOS,away,8476374,Sean Kuraly,52,C
2026-10-02,2026020019,WPG,home,8476392,Adam Lowry,17,C
2026-10-02,2026020019,WPG,home,8476460,Mark Scheifele,55,C
2026-10-02,2026020019,WPG,home,8476480,Vladislav Namestnikov,7,C
2026-10-02,2026020019,BOS,away,8476854,Hampus Lindholm,27,D
2026-10-02,2026020019,BOS,away,8477365,Connor Clifton,75,D
2026-10-02,2026020019,BOS,away,8477496,Elias Lindholm,28,C
2026-10-02,2026020019,WPG,home,8477504,Josh Morrissey,44,D
2026-10-02,2026020019,BOS,away,8477507,Nikita Zadorov,91,D
2026-10-02,2026020019,BOS,away,8477956,David Pastrnak,88,R
2026-10-02,2026020019,WPG,home,8478398,Kyle Connor,81,L
2026-10-02,2026020019,BOS,away,8478401,Pavel Zacha,18,C
2026-10-02,2026020019,BOS,away,8478840,Will Borgen,17,D
2026-10-02,2026020019,BOS,away,8479661,Tanner Jeannot,84,L
2026-10-02,2026020019,WPG,home,8479973,Stuart Skinner,74,G
2026-10-02,2026020019,WPG,home,8479983,Mario Ferraro,38,D
2026-10-02,2026020019,BOS,away,8479987,Morgan Geekie,39,C
2026-10-02,2026020019,BOS,away,8479999,Casey Mittelstadt,11,C
2026-10-02,2026020019,WPG,home,8480014,Gabriel Vilardi,13,C
2026-10-02,2026020019,BOS,away,8480022,Michael DiPietro,30,G
2026-10-02,2026020019,WPG,home,8480049,Dylan Samberg,54,D
2026-10-02,2026020019,WPG,home,8480113,Alex Iafallo,9,L
2026-10-02,2026020019,WPG,home,8480145,Neal Pionk,4,D
2026-10-02,2026020019,BOS,away,8480280,Jeremy Swayman,1,G
2026-10-02,2026020019,WPG,home,8480289,Morgan Barron,36,C
2026-10-02,2026020019,BOS,away,8480355,Mark Kastelic,47,C
2026-10-02,2026020019,BOS,away,8481219,Jonathan Aspirot,45,D
2026-10-02,2026020019,WPG,home,8482149,Cole Perfetti,91,C
2026-10-02,2026020019,BOS,away,8482175,JJ Peterka,10,R
2026-10-02,2026020019,BOS,away,8482177,Marat Khusnutdinov,92,C
2026-10-02,2026020019,WPG,home,8482459,Tyrel Bauer,77,D
2026-10-02,2026020019,BOS,away,8482511,Mason Lohrei,6,D
2026-10-02,2026020019,WPG,home,8482765,Isak Rosen,27,R
2026-10-02,2026020019,WPG,home,8483471,Brad Lambert,93,C
2026-10-02,2026020019,BOS,away,8483489,Fraser Minten,93,C
2026-10-02,2026020019,WPG,home,8483532,Clay Stevenson,33,G
2026-10-02,2026020019,BOS,away,8485395,James Hagens,44,C
2026-10-02,2026020019,WPG,home,8486025,Viggo Björck,61,C
2026-10-02,2026020020,DAL,home,8473994,Jamie Benn,14,L
2026-10-02,2026020020,DAL,home,8474574,Tyler Myers,57,D
2026-10-02,2026020020,STL,away,8475764,Cam Fowler,17,D
2026-10-02,2026020020,DAL,home,8475794,Tyler Seguin,91,C
2026-10-02,2026020020,STL,away,8476412,Jordan Binnington,50,G
2026-10-02,2026020020,DAL,home,8476889,Radek Faksa,12,C
2026-10-02,2026020020,STL,away,8476892,Colton Parayko,55,D
2026-10-02,2026020020,DAL,home,8476902,Esa Lindell,23,D
2026-10-02,2026020020,STL,away,8477402,Pavel Buchnevich,89,L
2026-10-02,2026020020,STL,away,8477527,Ross Johnston,49,L
2026-10-02,2026020020,DAL,home,8478420,Mikko Rantanen,96,R
2026-10-02,2026020020,STL,away,8478443,Brandon Carlo,25,D
2026-10-02,2026020020,DAL,home,8478449,Roope Hintz,24,C
2026-10-02,2026020020,DAL,home,8479193,Casey DeSmith,1,G
2026-10-02,2026020020,DAL,home,8479351,Sam Steel,18,C
2026-10-02,2026020020,DAL,home,8479979,Jake Oettinger,29,G
2026-10-02,2026020020,STL,away,8480023,Robert Thomas,18,C
2026-10-02,2026020020,DAL,home,8480027,Jason Robertson,21,L
2026-10-02,2026020020,DAL,home,8480036,Miro Heiskanen,4,D
2026-10-02,2026020020,STL,away,8480281,Alexey Toropchenko,13,R
2026-10-02,2026020020,STL,away,8480459,Pius Suter,22,C
2026-10-02,2026020020,DAL,home,8480840,Oskar Bäck,10,C
2026-10-02,2026020020,DAL,home,8480878,Nils Lundkvist,5,D
2026-10-02,2026020020,STL,away,8480981,Joel Hofer,30,G
2026-10-02,2026020020,STL,away,8481013,Jonatan Berggren,29,R
2026-10-02,2026020020,STL,away,8481580,Connor McMichael,77,L
2026-10-02,2026020020,DAL,home,8481581,Thomas Harley,55,D
2026-10-02,2026020020,STL,away,8481598,Philip Broberg,6,D
2026-10-02,2026020020,DAL,home,8481641,Joel Kiviranta,22,L
2026-10-02,2026020020,STL,away,8482077,Dylan Holloway,81,L
2026-10-02,2026020020,STL,away,8482089,Jake Neighbours,63,L
2026-10-02,2026020020,DAL,home,8482740,Wyatt Johnston,53,C
2026-10-02,2026020020,STL,away,8482745,Mason McTavish,83,C
2026-10-02,2026020020,DAL,home,8483425,Lian Bichsel,6,D
2026-10-02,2026020020,STL,away,8483516,Jimmy Snuggerud,21,R
2026-10-02,2026020020,STL,away,8484164,Dalibor Dvorsky,15,R
2026-10-02,2026020020,STL,away,8484188,Theo Lindstein,4,D
2026-10-02,2026020020,STL,away,8484790,Adam Jiricek,36,D
2026-10-02,2026020020,DAL,home,8484829,Justin Hryckowian,49,C
2026-10-02,2026020020,DAL,home,8484938,Arttu Hyry,25,R
2026-10-02,2026020021,ANA,away,8473986,Alex Killorn,17,L
2026-10-02,2026020021,VGK,home,8475188,Brayden McNabb,3,D
2026-10-02,2026020021,VGK,home,8475343,Nic Dowd,26,C
2026-10-02,2026020021,ANA,away,8475798,Mikael Granlund,64,C
2026-10-02,2026020021,VGK,home,8475913,Mark Stone,61,R
2026-10-02,2026020021,VGK,home,8476448,William Karlsson,71,C
2026-10-02,2026020021,VGK,home,8476881,Tomas Hertl,48,C
2026-10-02,2026020021,VGK,home,8477447,Shea Theodore,27,D
2026-10-02,2026020021,VGK,home,8477964,Ivan Barbashev,49,L
2026-10-02,2026020021,ANA,away,8478024,Ville Husso,33,G
2026-10-02,2026020021,VGK,home,8478109,Victor Olofsson,95,L
2026-10-02,2026020021,ANA,away,8478366,Frank Vatrano,77,R
2026-10-02,2026020021,VGK,home,8478396,Noah Hanifin,15,D
2026-10-02,2026020021,VGK,home,8478397,Rasmus Andersson,4,D
2026-10-02,2026020021,VGK,home,8478403,Jack Eichel,9,C
2026-10-02,2026020021,ANA,away,8478421,A.J. Greer,18,L
2026-10-02,2026020021,VGK,home,8478450,Parker Wotherspoon,29,D
2026-10-02,2026020021,VGK,home,8478468,Jeremy Lauzon,5,D
2026-10-02,2026020021,VGK,home,8478483,Mitch Marner,93,R
2026-10-02,2026020021,VGK,home,8478499,Adin Hill,33,G
2026-10-02,2026020021,VGK,home,8479353,Brett Howden,21,C
2026-10-02,2026020021,VGK,home,8479394,Carter Hart,79,G
2026-10-02,2026020021,ANA,away,8480068,Ryan Poehling,25,C
2026-10-02,2026020021,ANA,away,8480843,Lukas Dostal,1,G
2026-10-02,2026020021,ANA,away,8481538,Judd Caulfield,28,R
2026-10-02,2026020021,ANA,away,8481605,Jackson LaCombe,2,D
2026-10-02,2026020021,ANA,away,8481754,Nikita Nesterenko,13,C
2026-10-02,2026020021,ANA,away,8482408,Jeff Malott,39,L
2026-10-02,2026020021,ANA,away,8482731,Tyson Hinds,55,D
2026-10-02,2026020021,ANA,away,8483445,Cutter Gauthier,61,L
2026-10-02,2026020021,ANA,away,8483482,Tristan Luneau,67,D
2026-10-02,2026020021,ANA,away,8483490,Pavel Mintyukov,98,D
2026-10-02,2026020021,ANA,away,8483521,Noah Warren,47,D
2026-10-02,2026020021,VGK,home,8483553,Marc Gatcomb,17,C
2026-10-02,2026020021,VGK,home,8483890,Braeden Bowman,42,R
2026-10-02,2026020021,ANA,away,8484153,Leo Carlsson,91,C
2026-10-02,2026020021,ANA,away,8484262,Travis Mitchell,34,D
2026-10-02,2026020021,ANA,away,8484762,Beckett Sennecke,45,R
2026-10-02,2026020021,VGK,home,8484803,Trevor Connelly,24,L
2026-10-02,2026020021,ANA,away,8485512,Tim Washe,42,C
2026-10-03,2026020022,CHI,away,8474013,Ian Cole,28,D
2026-10-03,2026020022,CHI,away,8474141,Patrick Kane,88,R
2026-10-03,2026020022,BUF,home,8475842,Sam Carrick,10,C
2026-10-03,2026020022,CHI,away,8476882,Teuvo Teravainen,86,C
2026-10-03,2026020022,CHI,away,8477479,Tyler Bertuzzi,59,L
2026-10-03,2026020022,CHI,away,8477987,Ryan Donato,8,C
2026-10-03,2026020022,CHI,away,8478413,Jordan Greenway,12,L
2026-10-03,2026020022,BUF,home,8479359,Beck Malenstyn,29,L
2026-10-03,2026020022,BUF,home,8479420,Tage Thompson,72,C
2026-10-03,2026020022,BUF,home,8480045,Ukko-Pekka Luukkonen,1,G
2026-10-03,2026020022,BUF,home,8480064,Josh Norris,9,C
2026-10-03,2026020022,BUF,home,8480802,Ryan McLeod,71,C
2026-10-03,2026020022,BUF,home,8480807,Mattias Samuelsson,23,D
2026-10-03,2026020022,BUF,home,8480839,Rasmus Dahlin,26,D
2026-10-03,2026020022,CHI,away,8481519,Spencer Knight,30,G
2026-10-03,2026020022,BUF,home,8481522,Peyton Krebs,19,C
2026-10-03,2026020022,BUF,home,8481551,Colten Ellis,92,G
2026-10-03,2026020022,CHI,away,8481568,Alex Vlasic,72,D
2026-10-03,2026020022,BUF,home,8481806,Louis Crevier,46,D
2026-10-03,2026020022,CHI,away,8482062,Cole Smith,22,R
2026-10-03,2026020022,BUF,home,8482097,Jack Quinn,22,R
2026-10-03,2026020022,CHI,away,8482176,Wyatt Kaiser,44,D
2026-10-03,2026020022,BUF,home,8482659,Josh Doan,91,R
2026-10-03,2026020022,BUF,home,8482671,Owen Power,25,D
2026-10-03,2026020022,BUF,home,8482803,Olen Zellweger,8,D
2026-10-03,2026020022,CHI,away,8482807,Ethan Del Mastro,38,D
2026-10-03,2026020022,CHI,away,8482821,Arvid Soderblom,40,G
2026-10-03,2026020022,CHI,away,8483450,Ryan Greene,20,C
2026-10-03,2026020022,CHI,away,8483466,Kevin Korchinski,14,D
2026-10-03,2026020022,BUF,home,8483468,Jiri Kulich,20,C
2026-10-03,2026020022,CHI,away,8483493,Frank Nazar,91,C
2026-10-03,2026020022,BUF,home,8483500,Noah Ostlund,86,C
2026-10-03,2026020022,BUF,home,8484145,Zach Benson,6,L
2026-10-03,2026020022,CHI,away,8484185,Nick Lardis,76,L
2026-10-03,2026020022,CHI,away,8484197,Oliver Moore,11,C
2026-10-03,2026020022,BUF,home,8484305,Zach Metsa,73,D
2026-10-03,2026020022,CHI,away,8484390,Roman Kantserov,80,R
2026-10-03,2026020022,CHI,away,8484783,Artyom Levshunov,55,D
2026-10-03,2026020022,BUF,home,8484797,Konsta Helenius,94,C
2026-10-03,2026020022,CHI,away,8485391,Anton Frondell,16,C
2026-10-03,2026020023,OTT,away,8473512,Claude Giroux,28,R
2026-10-03,2026020023,TOR,home,8475166,John Tavares,91,C
2026-10-03,2026020023,TOR,home,8475171,Oliver Ekman-Larsson,95,D
2026-10-03,2026020023,TOR,home,8475683,Sergei Bobrovsky,72,G
2026-10-03,2026020023,TOR,home,8475690,Chris Tanev,8,D
2026-10-03,2026020023,OTT,away,8476393,Nick Cousins,21,C
2026-10-03,2026020023,TOR,home,8476853,Morgan Rielly,44,D
2026-10-03,2026020023,TOR,home,8476925,Colton Sissons,15,C
2026-10-03,2026020023,TOR,home,8476927,Teddy Blueger,73,C
2026-10-03,2026020023,TOR,home,8476931,Jake McCabe,22,D
2026-10-03,2026020023,TOR,home,8476932,Anthony Stolarz,41,G
2026-10-03,2026020023,OTT,away,8476999,Linus Ullmark,35,G
2026-10-03,2026020023,TOR,home,8477426,Nick Paul,20,L
2026-10-03,2026020023,TOR,home,8477939,William Nylander,88,R
2026-10-03,2026020023,OTT,away,8477998,Warren Foegele,37,L
2026-10-03,2026020023,OTT,away,8478020,Michael Amadio,22,R
2026-10-03,2026020023,OTT,away,8478173,Hayden Hodgson,42,R
2026-10-03,2026020023,TOR,home,8478178,Darren Raddysh,43,D
2026-10-03,2026020023,TOR,home,8478458,Jack Roslovic,96,C
2026-10-03,2026020023,OTT,away,8478469,Thomas Chabot,72,D
2026-10-03,2026020023,TOR,home,8479318,Auston Matthews,34,C
2026-10-03,2026020023,TOR,home,8479442,Troy Stecher,28,D
2026-10-03,2026020023,TOR,home,8479520,Brandon Duhaime,24,L
2026-10-03,2026020023,OTT,away,8480188,Fabian Zetterlund,20,L
2026-10-03,2026020023,OTT,away,8480208,Drake Batherson,19,R
2026-10-03,2026020023,TOR,home,8480870,Bo Groulx,29,C
2026-10-03,2026020023,TOR,home,8480893,Kirill Marchenko,86,R
2026-10-03,2026020023,OTT,away,8481035,Samuel Ersson,30,G
2026-10-03,2026020023,OTT,away,8481528,Dylan Cozens,24,C
2026-10-03,2026020023,OTT,away,8481596,Shane Pinto,12,C
2026-10-03,2026020023,OTT,away,8481606,Jordan Spence,10,D
2026-10-03,2026020023,OTT,away,8482095,Tyler Kleven,43,D
2026-10-03,2026020023,OTT,away,8482105,Jake Sanderson,85,D
2026-10-03,2026020023,OTT,away,8482116,Tim Stützle,18,C
2026-10-03,2026020023,OTT,away,8482667,William Eklund,27,L
2026-10-03,2026020023,OTT,away,8483676,Stephen Halliday,34,C
2026-10-03,2026020023,TOR,home,8484158,Easton Cowan,53,R
2026-10-03,2026020023,OTT,away,8484321,Nikolas Matinpalo,33,D
2026-10-03,2026020023,OTT,away,8484759,Carter Yakemchuk,26,D
2026-10-03,2026020023,TOR,home,8486067,Gavin McKenna,92,L
2026-10-03,2026020024,WSH,away,8471214,Alex Ovechkin,8,L
2026-10-03,2026020024,TBL,home,8474151,Ryan McDonagh,27,D
2026-10-03,2026020024,TBL,home,8474590,John Carlson,74,D
2026-10-03,2026020024,TBL,home,8475167,Victor Hedman,77,D
2026-10-03,2026020024,WSH,away,8476432,Boone Jenner,22,C
2026-10-03,2026020024,TBL,home,8476453,Nikita Kucherov,86,R
2026-10-03,2026020024,TBL,home,8476878,Zemgus Girgensons,28,C
2026-10-03,2026020024,WSH,away,8476880,Tom Wilson,43,R
2026-10-03,2026020024,TBL,home,8476883,Andrei Vasilevskiy,88,G
2026-10-03,2026020024,TBL,home,8477404,Jake Guentzel,59,C
2026-10-03,2026020024,WSH,away,8477949,Alex Tuch,89,R
2026-10-03,2026020024,TBL,home,8478010,Brayden Point,21,C
2026-10-03,2026020024,TBL,home,8478416,Erik Cernak,81,D
2026-10-03,2026020024,WSH,away,8478440,Dylan Strome,17,C
2026-10-03,2026020024,WSH,away,8478463,Anthony Beauvillier,72,R
2026-10-03,2026020024,TBL,home,8478519,Anthony Cirelli,71,C
2026-10-03,2026020024,WSH,away,8478911,Matt Roy,3,D
2026-10-03,2026020024,WSH,away,8479292,Charlie Lindgren,79,G
2026-10-03,2026020024,WSH,away,8479345,Jakob Chychrun,6,D
2026-10-03,2026020024,WSH,away,8479385,Jordan Kyrou,25,R
2026-10-03,2026020024,WSH,away,8479400,Pierre-Luc Dubois,80,C
2026-10-03,2026020024,TBL,home,8479542,Brandon Hagel,38,L
2026-10-03,2026020024,WSH,away,8479576,Vincent Desharnais,73,D
2026-10-03,2026020024,TBL,home,8479705,Jeffrey Viel,25,L
2026-10-03,2026020024,WSH,away,8480043,Timothy Liljegren,27,D
2026-10-03,2026020024,WSH,away,8480313,Logan Thompson,48,G
2026-10-03,2026020024,TBL,home,8480426,Charle-Edouard D'Astous,51,D
2026-10-03,2026020024,WSH,away,8480796,Martin Fehérváry,42,D
2026-10-03,2026020024,TBL,home,8480995,Pontus Holmberg,29,R
2026-10-03,2026020024,TBL,home,8481624,Ilya Mikheyev,95,R
2026-10-03,2026020024,WSH,away,8481656,Aliaksei Protas,21,L
2026-10-03,2026020024,WSH,away,8482088,Justin Sourdif,34,C
2026-10-03,2026020024,TBL,home,8482201,Gage Goncalves,93,C
2026-10-03,2026020024,TBL,home,8482655,J.J. Moser,90,D
2026-10-03,2026020024,TBL,home,8482929,Emil Lilleberg,78,D
2026-10-03,2026020024,TBL,home,8483447,Conor Geekie,94,C
2026-10-03,2026020024,TBL,home,8483710,Dennis Hildeby,35,G
2026-10-03,2026020024,WSH,away,8484186,Ryan Leonard,9,R
2026-10-03,2026020024,WSH,away,8484873,Cole Hutson,44,D
2026-10-03,2026020024,WSH,away,8484999,Ilya Protas,62,L
2026-10-03,2026020025,CAR,away,8473533,Jordan Staal,11,C
2026-10-03,2026020025,CAR,away,8475791,Taylor Hall,71,L
2026-10-03,2026020025,PHI,home,8476372,Nick Seeler,24,D
2026-10-03,2026020025,CAR,away,8476422,Mike Reilly,6,D
2026-10-03,2026020025,PHI,home,8476461,Sean Couturier,14,C
2026-10-03,2026020025,CAR,away,8476873,Mark Jankowski,77,L
2026-10-03,2026020025,CAR,away,8476906,Shayne Gostisbehere,4,D
2026-10-03,2026020025,CAR,away,8476921,Jordan Martinook,48,L
2026-10-03,2026020025,CAR,away,8476958,Jaccob Slavin,74,D
2026-10-03,2026020025,CAR,away,8477478,William Carrier,28,L
2026-10-03,2026020025,PHI,home,8477499,Rasmus Ristolainen,55,D
2026-10-03,2026020025,CAR,away,8477940,Nikolaj Ehlers,27,L
2026-10-03,2026020025,PHI,home,8477948,Travis Sanheim,6,D
2026-10-03,2026020025,PHI,home,8477989,Christian Dvorak,22,C
2026-10-03,2026020025,CAR,away,8478427,Sebastian Aho,20,C
2026-10-03,2026020025,PHI,home,8478435,Dan Vladar,80,G
2026-10-03,2026020025,PHI,home,8478439,Travis Konecny,11,R
2026-10-03,2026020025,PHI,home,8478569,Noel Acciari,52,C
2026-10-03,2026020025,CAR,away,8478970,Jalen Chatfield,5,D
2026-10-03,2026020025,PHI,home,8479336,Carl Grundstrom,91,R
2026-10-03,2026020025,PHI,home,8479361,Joseph Woll,53,G
2026-10-03,2026020025,PHI,home,8480015,Owen Tippett,74,R
2026-10-03,2026020025,PHI,home,8480220,Noah Cates,27,L
2026-10-03,2026020025,CAR,away,8480336,Sean Walker,26,D
2026-10-03,2026020025,CAR,away,8480762,Eric Robinson,50,L
2026-10-03,2026020025,CAR,away,8480817,K'Andre Miller,19,D
2026-10-03,2026020025,CAR,away,8480829,Jesperi Kotkaniemi,82,C
2026-10-03,2026020025,CAR,away,8480830,Andrei Svechnikov,37,R
2026-10-03,2026020025,PHI,home,8481533,Trevor Zegras,46,C
2026-10-03,2026020025,PHI,home,8481546,Cam York,8,D
2026-10-03,2026020025,CAR,away,8481611,Pyotr Kochetkov,52,G
2026-10-03,2026020025,PHI,home,8482142,Jamie Drysdale,9,D
2026-10-03,2026020025,PHI,home,8482159,Tyson Foerster,71,R
2026-10-03,2026020025,CAR,away,8482702,Logan Stankoven,22,C
2026-10-03,2026020025,CAR,away,8482809,Jackson Blake,53,R
2026-10-03,2026020025,PHI,home,8483460,David Jiricek,5,D
2026-10-03,2026020025,CAR,away,8483548,Brandon Bussi,32,G
2026-10-03,2026020025,PHI,home,8483731,Alex Bump,20,L
2026-10-03,2026020025,PHI,home,8484387,Matvei Michkov,39,R
2026-10-03,2026020025,PHI,home,8485406,Porter Martone,94,R
2026-10-03,2026020026,PIT,home,8471215,Evgeni Malkin,71,C
2026-10-03,2026020026,PIT,home,8471675,Sidney Crosby,87,C
2026-10-03,2026020026,PIT,home,8471724,Kris Letang,58,D
2026-10-03,2026020026,PIT,home,8474578,Erik Karlsson,65,D
2026-10-03,2026020026,MTL,away,8475184,Chris Kreider,22,L
2026-10-03,2026020026,MTL,away,8476479,Phillip Danault,24,C
2026-10-03,2026020026,PIT,home,8476483,Rickard Rakell,67,R
2026-10-03,2026020026,MTL,away,8476875,Mike Matheson,8,D
2026-10-03,2026020026,MTL,away,8476981,Josh Anderson,17,R
2026-10-03,2026020026,PIT,home,8477845,Trevor van Riemsdyk,57,D
2026-10-03,2026020026,MTL,away,8478133,Jake Evans,71,C
2026-10-03,2026020026,PIT,home,8478438,Tommy Novak,18,C
2026-10-03,2026020026,MTL,away,8478470,Samuel Montembeault,35,G
2026-10-03,2026020026,MTL,away,8478851,Alexandre Carrier,45,D
2026-10-03,2026020026,PIT,home,8479398,Samuel Girard,49,D
2026-10-03,2026020026,MTL,away,8480018,Nick Suzuki,14,C
2026-10-03,2026020026,MTL,away,8480074,Alexandre Texier,85,L
2026-10-03,2026020026,PIT,home,8480842,Filip Hallander,11,C
2026-10-03,2026020026,MTL,away,8480865,Noah Dobson,53,D
2026-10-03,2026020026,PIT,home,8480980,Connor Dewar,19,C
2026-10-03,2026020026,PIT,home,8481481,Blake Lizotte,46,C
2026-10-03,2026020026,MTL,away,8481523,Kirby Dach,77,C
2026-10-03,2026020026,PIT,home,8481527,Kaedan Korczak,6,D
2026-10-03,2026020026,MTL,away,8481540,Cole Caufield,13,R
2026-10-03,2026020026,PIT,home,8481582,Nick Robertson,14,L
2026-10-03,2026020026,MTL,away,8481593,Jayden Struble,47,D
2026-10-03,2026020026,MTL,away,8481618,Alex Newhook,15,C
2026-10-03,2026020026,PIT,home,8481668,Arturs Silovs,37,G
2026-10-03,2026020026,PIT,home,8482148,Hendrix Lapierre,22,C
2026-10-03,2026020026,PIT,home,8482475,Egor Chinakhov,59,R
2026-10-03,2026020026,MTL,away,8482487,Jakub Dobes,75,G
2026-10-03,2026020026,MTL,away,8482737,Zachary Bolduc,76,R
2026-10-03,2026020026,MTL,away,8482964,Arber Xhekaj,72,D
2026-10-03,2026020026,PIT,home,8483398,Declan Carlile,72,D
2026-10-03,2026020026,MTL,away,8483457,Lane Hutson,48,D
2026-10-03,2026020026,MTL,away,8483515,Juraj Slafkovský,20,L
2026-10-03,2026020026,PIT,home,8483703,Sergei Murashov,1,G
2026-10-03,2026020026,PIT,home,8483808,Andrei Kuzmenko,62,L
2026-10-03,2026020026,MTL,away,8484984,Ivan Demidov,93,R
2026-10-03,2026020026,PIT,home,8485414,Ben Kindel,81,C
2026-10-03,2026020027,UTA,away,8475314,Anders Lee,72,L
2026-10-03,2026020027,CBJ,home,8475660,Cam Talbot,33,G
2026-10-03,2026020027,CBJ,home,8475745,Charlie Coyle,3,C
2026-10-03,2026020027,CBJ,home,8475790,Erik Gudbranson,44,D
2026-10-03,2026020027,UTA,away,8476389,Vincent Trocheck,16,C
2026-10-03,2026020027,UTA,away,8477220,Nate Schmidt,88,D
2026-10-03,2026020027,UTA,away,8477346,MacKenzie Weegar,52,D
2026-10-03,2026020027,CBJ,home,8477369,Carson Soucy,7,D
2026-10-03,2026020027,CBJ,home,8477497,Sean Monahan,23,C
2026-10-03,2026020027,CBJ,home,8477501,Valeri Nichushkin,43,R
2026-10-03,2026020027,UTA,away,8477951,Nick Schmaltz,8,C
2026-10-03,2026020027,CBJ,home,8478046,Danton Heinen,58,L
2026-10-03,2026020027,CBJ,home,8478460,Zach Werenski,8,D
2026-10-03,2026020027,UTA,away,8478474,Lawson Crouse,67,L
2026-10-03,2026020027,UTA,away,8478507,John Marino,6,D
2026-10-03,2026020027,UTA,away,8478831,Kevin Stenlund,82,C
2026-10-03,2026020027,CBJ,home,8478856,Conor Garland,83,R
2026-10-03,2026020027,UTA,away,8478872,Karel Vejmelka,70,G
2026-10-03,2026020027,CBJ,home,8479066,Ryan Lomberg,94,L
2026-10-03,2026020027,UTA,away,8479343,Clayton Keller,9,R
2026-10-03,2026020027,UTA,away,8479369,Andrew Peeke,20,D
2026-10-03,2026020027,UTA,away,8479410,Mikhail Sergachev,98,D
2026-10-03,2026020027,UTA,away,8479619,Michael Carcone,53,L
2026-10-03,2026020027,CBJ,home,8479671,Mathieu Olivier,24,R
2026-10-03,2026020027,UTA,away,8480849,Barrett Hayton,27,C
2026-10-03,2026020027,UTA,away,8480855,Jack McBain,22,C
2026-10-03,2026020027,CBJ,home,8481161,Jake Christiansen,2,D
2026-10-03,2026020027,CBJ,home,8481716,Dmitri Voronkov,10,L
2026-10-03,2026020027,CBJ,home,8482126,Emil Andrae,36,D
2026-10-03,2026020027,UTA,away,8482657,Sebastian Cossa,33,G
2026-10-03,2026020027,CBJ,home,8482660,Kent Johnson,91,C
2026-10-03,2026020027,UTA,away,8482699,Dylan Guenther,11,R
2026-10-03,2026020027,CBJ,home,8482705,Cole Sillinger,4,C
2026-10-03,2026020027,CBJ,home,8482720,Matthew Knies,89,L
2026-10-03,2026020027,CBJ,home,8482982,Jet Greaves,73,G
2026-10-03,2026020027,UTA,away,8483431,Logan Cooley,92,C
2026-10-03,2026020027,CBJ,home,8483485,Denton Mateychuk,5,D
2026-10-03,2026020027,CBJ,home,8484166,Adam Fantilli,19,C
2026-10-03,2026020027,UTA,away,8484386,Dmitri Simashev,26,D
2026-10-03,2026020027,UTA,away,8484388,Daniil But,50,L
2026-10-03,2026020028,SEA,away,8474586,Jordan Eberle,7,R
2026-10-03,2026020028,EDM,home,8475218,Mattias Ekholm,14,D
2026-10-03,2026020028,SEA,away,8475831,Philipp Grubauer,31,G
2026-10-03,2026020028,SEA,away,8476457,Adam Larsson,6,D
2026-10-03,2026020028,EDM,home,8476473,Connor Murphy,5,D
2026-10-03,2026020028,SEA,away,8476905,Chandler Stephenson,9,C
2026-10-03,2026020028,EDM,home,8477465,Tristan Jarry,35,G
2026-10-03,2026020028,SEA,away,8477919,Frederick Gaudreau,89,C
2026-10-03,2026020028,EDM,home,8477934,Leon Draisaitl,29,C
2026-10-03,2026020028,EDM,home,8477953,Kasperi Kapanen,42,R
2026-10-03,2026020028,SEA,away,8477955,Jared McCann,19,L
2026-10-03,2026020028,SEA,away,8477986,Brandon Montour,62,D
2026-10-03,2026020028,EDM,home,8478013,Jake Walman,96,D
2026-10-03,2026020028,EDM,home,8478402,Connor McDavid,97,C
2026-10-03,2026020028,SEA,away,8478407,Vince Dunn,29,D
2026-10-03,2026020028,EDM,home,8478472,Mathieu Joseph,21,R
2026-10-03,2026020028,EDM,home,8478854,Ryan Shea,6,D
2026-10-03,2026020028,SEA,away,8478916,Joey Daccord,35,G
2026-10-03,2026020028,SEA,away,8479324,Ryan Lindgren,55,D
2026-10-03,2026020028,EDM,home,8479365,Trent Frederic,10,C
2026-10-03,2026020028,EDM,home,8479368,Max Jones,46,L
2026-10-03,2026020028,SEA,away,8479985,Cale Fleury,8,D
2026-10-03,2026020028,EDM,home,8480029,Alex Formenton,26,L
2026-10-03,2026020028,EDM,home,8480803,Evan Bouchard,2,D
2026-10-03,2026020028,EDM,home,8480834,Ty Emberson,49,D
2026-10-03,2026020028,SEA,away,8481554,Kaapo Kakko,84,R
2026-10-03,2026020028,EDM,home,8481617,Vasily Podkolzin,92,R
2026-10-03,2026020028,EDM,home,8482221,Devon Levi,27,G
2026-10-03,2026020028,SEA,away,8482259,Bobby McMann,74,C
2026-10-03,2026020028,SEA,away,8482665,Matty Beniers,10,C
2026-10-03,2026020028,EDM,home,8482703,Colton Dach,34,C
2026-10-03,2026020028,SEA,away,8482713,Mackie Samoskevich,11,R
2026-10-03,2026020028,SEA,away,8482751,Ryan Winterton,26,C
2026-10-03,2026020028,SEA,away,8482858,Ryker Evans,41,D
2026-10-03,2026020028,EDM,home,8483455,Isaac Howard,53,L
2026-10-03,2026020028,SEA,away,8483524,Shane Wright,51,C
2026-10-03,2026020028,SEA,away,8483570,Ben Meyers,59,C
2026-10-03,2026020028,EDM,home,8484509,Josh Samanski,81,C
2026-10-03,2026020028,SEA,away,8484800,Berkly Catton,27,C
2026-10-03,2026020028,EDM,home,8486161,Owen Michaels,43,R
2026-10-03,2026020029,NYI,home,8473575,Semyon Varlamov,40,G
2026-10-03,2026020029,NJD,away,8474596,Jake Allen,34,G
2026-10-03,2026020029,NYI,home,8475151,Kyle Palmieri,21,C
2026-10-03,2026020029,NYI,home,8475170,Brayden Schenn,10,C
2026-10-03,2026020029,NYI,home,8475231,Casey Cizikas,53,C
2026-10-03,2026020029,NJD,away,8475455,Brenden Dillon,5,D
2026-10-03,2026020029,NYI,home,8476292,Ondrej Palat,81,L
2026-10-03,2026020029,NYI,home,8476419,Jean-Gabriel Pageau,44,C
2026-10-03,2026020029,NJD,away,8476462,Dougie Hamilton,7,D
2026-10-03,2026020029,NJD,away,8476474,Stefan Noesen,11,R
2026-10-03,2026020029,NYI,home,8476917,Adam Pelech,3,D
2026-10-03,2026020029,NYI,home,8477407,Anthony Duclair,11,L
2026-10-03,2026020029,NJD,away,8477488,Brett Pesce,22,D
2026-10-03,2026020029,NYI,home,8477500,Bo Horvat,14,C
2026-10-03,2026020029,NYI,home,8477506,Ryan Pulock,6,D
2026-10-03,2026020029,NJD,away,8477511,Anthony Mantha,39,R
2026-10-03,2026020029,NYI,home,8477950,Tony DeAngelo,77,D
2026-10-03,2026020029,NYI,home,8478009,Ilya Sorokin,30,G
2026-10-03,2026020029,NJD,away,8478399,Jonas Siegenthaler,71,D
2026-10-03,2026020029,NJD,away,8478414,Timo Meier,28,R
2026-10-03,2026020029,NJD,away,8478542,Evan Rodrigues,17,C
2026-10-03,2026020029,NYI,home,8479378,Logan Stanley,8,D
2026-10-03,2026020029,NJD,away,8479407,Jesper Bratt,63,L
2026-10-03,2026020029,NJD,away,8479996,Cody Glass,12,C
2026-10-03,2026020029,NJD,away,8480002,Nico Hischier,13,C
2026-10-03,2026020029,NJD,away,8480990,Declan Chisholm,47,D
2026-10-03,2026020029,NYI,home,8481014,Alexander Romanov,28,D
2026-10-03,2026020029,NJD,away,8481559,Jack Hughes,86,C
2026-10-03,2026020029,NYI,home,8481601,Simon Holmstrom,92,R
2026-10-03,2026020029,NYI,home,8481711,Matias Maccelli,63,L
2026-10-03,2026020029,NJD,away,8481721,Arseny Gritsyuk,81,R
2026-10-03,2026020029,NJD,away,8482076,Nico Daws,50,G
2026-10-03,2026020029,NJD,away,8482110,Dawson Mercer,91,C
2026-10-03,2026020029,NJD,away,8482146,Luke Evangelista,77,R
2026-10-03,2026020029,NYI,home,8482476,Emil Heineman,51,L
2026-10-03,2026020029,NJD,away,8482684,Luke Hughes,43,D
2026-10-03,2026020029,NJD,away,8483695,Amadeus Lombardi,93,C
2026-10-03,2026020029,NYI,home,8484221,Calum Ritchie,64,C
2026-10-03,2026020029,NYI,home,8485366,Matthew Schaefer,48,D
2026-10-03,2026020029,NYI,home,8485388,Victor Eklund,38,R
2026-10-03,2026020030,DAL,away,8473994,Jamie Benn,14,L
2026-10-03,2026020030,NSH,home,8474564,Steven Stamkos,91,C
2026-10-03,2026020030,DAL,away,8474574,Tyler Myers,57,D
2026-10-03,2026020030,NSH,home,8474600,Roman Josi,59,D
2026-10-03,2026020030,NSH,home,8475158,Ryan O'Reilly,90,C
2026-10-03,2026020030,DAL,away,8475794,Tyler Seguin,91,C
2026-10-03,2026020030,DAL,away,8476278,Colin Blackwell,15,C
2026-10-03,2026020030,NSH,home,8476539,Jonathan Marchessault,81,R
2026-10-03,2026020030,NSH,home,8476869,Brady Skjei,76,D
2026-10-03,2026020030,NSH,home,8476887,Filip Forsberg,9,L
2026-10-03,2026020030,DAL,away,8476889,Radek Faksa,12,C
2026-10-03,2026020030,DAL,away,8476902,Esa Lindell,23,D
2026-10-03,2026020030,NSH,home,8477021,Alexander Kerfoot,14,C
2026-10-03,2026020030,NSH,home,8477424,Juuse Saros,74,G
2026-10-03,2026020030,DAL,away,8478420,Mikko Rantanen,96,R
2026-10-03,2026020030,DAL,away,8478449,Roope Hintz,24,C
2026-10-03,2026020030,DAL,away,8479193,Casey DeSmith,1,G
2026-10-03,2026020030,DAL,away,8479351,Sam Steel,18,C
2026-10-03,2026020030,NSH,home,8479525,Ross Colton,79,C
2026-10-03,2026020030,DAL,away,8479979,Jake Oettinger,29,G
2026-10-03,2026020030,NSH,home,8479980,Nicolas Hague,41,D
2026-10-03,2026020030,DAL,away,8480027,Jason Robertson,21,L
2026-10-03,2026020030,DAL,away,8480036,Miro Heiskanen,4,D
2026-10-03,2026020030,NSH,home,8480246,Nick Perbix,48,D
2026-10-03,2026020030,NSH,home,8480835,Jack Drury,18,C
2026-10-03,2026020030,DAL,away,8480840,Oskar Bäck,10,C
2026-10-03,2026020030,DAL,away,8480878,Nils Lundkvist,5,D
2026-10-03,2026020030,NSH,home,8481535,Nils Hoglander,21,L
2026-10-03,2026020030,DAL,away,8481581,Thomas Harley,55,D
2026-10-03,2026020030,NSH,home,8481726,Adam Edstrom,84,C
2026-10-03,2026020030,NSH,home,8482072,Jack Ahcan,47,D
2026-10-03,2026020030,NSH,home,8482145,Mavrik Bourque,22,C
2026-10-03,2026020030,NSH,home,8482482,Adam Wilsby,2,D
2026-10-03,2026020030,DAL,away,8482740,Wyatt Johnston,53,C
2026-10-03,2026020030,NSH,home,8482806,William Trudeau,85,D
2026-10-03,2026020030,DAL,away,8483425,Lian Bichsel,6,D
2026-10-03,2026020030,NSH,home,8483575,Matt Murray,32,G
2026-10-03,2026020030,NSH,home,8484241,Matthew Wood,71,R
2026-10-03,2026020030,DAL,away,8484829,Justin Hryckowian,49,C
2026-10-03,2026020030,DAL,away,8484938,Arttu Hyry,25,R
2026-10-03,2026020031,MIN,home,8473422,Nick Foligno,71,L
2026-10-03,2026020031,MIN,home,8474567,Zach Bogosian,24,D
2026-10-03,2026020031,MIN,home,8474716,Jared Spurgeon,46,D
2026-10-03,2026020031,MIN,home,8475220,Marcus Foligno,17,L
2026-10-03,2026020031,MIN,home,8475717,Calvin Pickard,31,G
2026-10-03,2026020031,BOS,away,8476374,Sean Kuraly,52,C
2026-10-03,2026020031,MIN,home,8476399,Blake Coleman,20,L
2026-10-03,2026020031,MIN,home,8476463,Jonas Brodin,25,D
2026-10-03,2026020031,BOS,away,8476854,Hampus Lindholm,27,D
2026-10-03,2026020031,MIN,home,8476874,Olli Maatta,3,D
2026-10-03,2026020031,BOS,away,8477365,Connor Clifton,75,D
2026-10-03,2026020031,MIN,home,8477446,Michael McCarron,47,C
2026-10-03,2026020031,MIN,home,8477451,Ryan Hartman,38,R
2026-10-03,2026020031,BOS,away,8477496,Elias Lindholm,28,C
2026-10-03,2026020031,BOS,away,8477507,Nikita Zadorov,91,D
2026-10-03,2026020031,BOS,away,8477956,David Pastrnak,88,R
2026-10-03,2026020031,BOS,away,8478401,Pavel Zacha,18,C
2026-10-03,2026020031,MIN,home,8478493,Joel Eriksson Ek,14,C
2026-10-03,2026020031,MIN,home,8478508,Yakov Trenin,13,C
2026-10-03,2026020031,BOS,away,8478840,Will Borgen,17,D
2026-10-03,2026020031,MIN,home,8478864,Kirill Kaprizov,97,L
2026-10-03,2026020031,BOS,away,8479661,Tanner Jeannot,84,L
2026-10-03,2026020031,BOS,away,8479987,Morgan Geekie,39,C
2026-10-03,2026020031,BOS,away,8479999,Casey Mittelstadt,11,C
2026-10-03,2026020031,BOS,away,8480022,Michael DiPietro,30,G
2026-10-03,2026020031,BOS,away,8480280,Jeremy Swayman,1,G
2026-10-03,2026020031,BOS,away,8480355,Mark Kastelic,47,C
2026-10-03,2026020031,MIN,home,8480800,Quinn Hughes,43,D
2026-10-03,2026020031,BOS,away,8481219,Jonathan Aspirot,45,D
2026-10-03,2026020031,MIN,home,8481553,Bobby Brink,10,R
2026-10-03,2026020031,MIN,home,8481557,Matt Boldy,12,L
2026-10-03,2026020031,MIN,home,8482094,Daemon Hunt,48,D
2026-10-03,2026020031,BOS,away,8482175,JJ Peterka,10,R
2026-10-03,2026020031,BOS,away,8482177,Marat Khusnutdinov,92,C
2026-10-03,2026020031,BOS,away,8482511,Mason Lohrei,6,D
2026-10-03,2026020031,MIN,home,8482661,Jesper Wallstedt,30,G
2026-10-03,2026020031,BOS,away,8483489,Fraser Minten,93,C
2026-10-03,2026020031,MIN,home,8483525,Danila Yurov,22,R
2026-10-03,2026020031,BOS,away,8485395,James Hagens,44,C
2026-10-03,2026020031,MIN,home,8485702,Maxim Shabanov,49,R
2026-10-03,2026020032,COL,home,8470613,Brent Burns,84,D
2026-10-03,2026020032,COL,home,8475172,Nazem Kadri,91,C
2026-10-03,2026020032,COL,home,8475754,Brock Nelson,11,C
2026-10-03,2026020032,STL,away,8475764,Cam Fowler,17,D
2026-10-03,2026020032,COL,home,8475768,Jaden Schwartz,71,L
2026-10-03,2026020032,COL,home,8475809,Scott Wedgewood,41,G
2026-10-03,2026020032,COL,home,8476312,Josh Manson,42,D
2026-10-03,2026020032,STL,away,8476412,Jordan Binnington,50,G
2026-10-03,2026020032,COL,home,8476455,Gabriel Landeskog,92,L
2026-10-03,2026020032,STL,away,8476892,Colton Parayko,55,D
2026-10-03,2026020032,COL,home,8476967,Brett Kulak,27,D
2026-10-03,2026020032,STL,away,8477402,Pavel Buchnevich,89,L
2026-10-03,2026020032,COL,home,8477476,Artturi Lehkonen,62,L
2026-10-03,2026020032,COL,home,8477492,Nathan MacKinnon,29,C
2026-10-03,2026020032,COL,home,8478038,Devon Toews,7,D
2026-10-03,2026020032,COL,home,8478406,Mackenzie Blackwood,39,G
2026-10-03,2026020032,STL,away,8478443,Brandon Carlo,25,D
2026-10-03,2026020032,COL,home,8478454,Noah Juulsen,47,D
2026-10-03,2026020032,COL,home,8478462,Nicolas Roy,10,C
2026-10-03,2026020032,STL,away,8479346,Dillon Dube,65,C
2026-10-03,2026020032,STL,away,8480023,Robert Thomas,18,C
2026-10-03,2026020032,COL,home,8480039,Martin Necas,88,C
2026-10-03,2026020032,COL,home,8480069,Cale Makar,8,D
2026-10-03,2026020032,COL,home,8480448,Parker Kelly,17,C
2026-10-03,2026020032,STL,away,8480459,Pius Suter,22,C
2026-10-03,2026020032,STL,away,8480981,Joel Hofer,30,G
2026-10-03,2026020032,STL,away,8481013,Jonatan Berggren,29,R
2026-10-03,2026020032,STL,away,8481580,Connor McMichael,77,L
2026-10-03,2026020032,STL,away,8481598,Philip Broberg,6,D
2026-10-03,2026020032,STL,away,8482077,Dylan Holloway,81,L
2026-10-03,2026020032,STL,away,8482089,Jake Neighbours,63,L
2026-10-03,2026020032,STL,away,8482745,Mason McTavish,83,C
2026-10-03,2026020032,COL,home,8482768,Fedor Svechkov,9,C
2026-10-03,2026020032,STL,away,8482784,Zach Dean,52,C
2026-10-03,2026020032,STL,away,8483516,Jimmy Snuggerud,21,R
2026-10-03,2026020032,STL,away,8484164,Dalibor Dvorsky,15,R
2026-10-03,2026020032,STL,away,8484188,Theo Lindstein,4,D
2026-10-03,2026020032,COL,home,8484258,Sam Malinski,70,D
2026-10-03,2026020032,STL,away,8484790,Adam Jiricek,36,D
2026-10-03,2026020032,COL,home,8486171,T.J. Hughes,13,R
2026-10-03,2026020033,CGY,away,8474150,Mikael Backlund,11,C
2026-10-03,2026020033,VAN,home,8474568,Luke Schenn,2,D
2026-10-03,2026020033,VAN,home,8475848,Brendan Gallagher,7,R
2026-10-03,2026020033,CGY,away,8476458,Ryan Strome,22,C
2026-10-03,2026020033,VAN,home,8476467,Jamie Oleksiak,4,D
2026-10-03,2026020033,CGY,away,8477810,Joel Hanley,44,D
2026-10-03,2026020033,CGY,away,8478136,Jake Middleton,55,D
2026-10-03,2026020033,VAN,home,8478444,Brock Boeser,6,R
2026-10-03,2026020033,VAN,home,8479425,Filip Hronek,17,D
2026-10-03,2026020033,VAN,home,8480012,Elias Pettersson,40,C
2026-10-03,2026020033,CGY,away,8480028,Morgan Frost,16,C
2026-10-03,2026020033,CGY,away,8480727,Zach Whitecloud,28,D
2026-10-03,2026020033,CGY,away,8480797,Joel Farabee,86,L
2026-10-03,2026020033,CGY,away,8480860,Kevin Bahl,7,D
2026-10-03,2026020033,VAN,home,8480947,Kevin Lankinen,32,G
2026-10-03,2026020033,VAN,home,8481024,Linus Karlsson,94,C
2026-10-03,2026020033,CGY,away,8481028,Martin Pospisil,76,C
2026-10-03,2026020033,VAN,home,8481032,Paul Cotter,47,L
2026-10-03,2026020033,CGY,away,8481068,Yegor Sharangovich,17,C
2026-10-03,2026020033,CGY,away,8481692,Dustin Wolf,32,G
2026-10-03,2026020033,VAN,home,8482055,Drew O'Connor,18,L
2026-10-03,2026020033,VAN,home,8482079,Marco Rossi,23,C
2026-10-03,2026020033,CGY,away,8482445,Devin Cooley,1,G
2026-10-03,2026020033,VAN,home,8482447,Leevi Meriläinen,31,G
2026-10-03,2026020033,CGY,away,8482679,Matt Coronato,27,R
2026-10-03,2026020033,VAN,home,8482691,Aatu Räty,54,C
2026-10-03,2026020033,CGY,away,8482747,Brennan Othmann,78,L
2026-10-03,2026020033,VAN,home,8483395,Arshdeep Bains,13,L
2026-10-03,2026020033,VAN,home,8483476,Jonathan Lekkerimäki,88,R
2026-10-03,2026020033,CGY,away,8483495,Simon Nemec,71,D
2026-10-03,2026020033,VAN,home,8483499,Liam Ohgren,92,L
2026-10-03,2026020033,CGY,away,8483609,Adam Klapka,43,R
2026-10-03,2026020033,VAN,home,8483678,Elias Pettersson,25,D
2026-10-03,2026020033,VAN,home,8484136,Max Sasson,63,C
2026-10-03,2026020033,CGY,away,8484180,Samuel Honzek,29,L
2026-10-03,2026020033,VAN,home,8484240,Tom Willander,5,D
2026-10-03,2026020033,CGY,away,8484768,Zayne Parekh,19,D
2026-10-03,2026020033,VAN,home,8484798,Zeev Buium,8,D
2026-10-03,2026020033,CGY,away,8484860,Matvei Gridin,92,R
2026-10-03,2026020033,CGY,away,8484958,Maxim Tsyplakov,72,R
2026-10-03,2026020034,LAK,away,8470621,Corey Perry,90,R
2026-10-03,2026020034,LAK,away,8474563,Drew Doughty,8,D
2026-10-03,2026020034,SJS,home,8475200,Dmitry Orlov,9,D
2026-10-03,2026020034,LAK,away,8475208,Brian Dumoulin,2,D
2026-10-03,2026020034,LAK,away,8475287,Erik Haula,56,L
2026-10-03,2026020034,LAK,away,8475311,Darcy Kuemper,35,G
2026-10-03,2026020034,LAK,away,8475692,Mats Zuccarello,36,R
2026-10-03,2026020034,SJS,home,8475726,Tyler Toffoli,73,C
2026-10-03,2026020034,LAK,away,8476341,Anton Forsberg,31,G
2026-10-03,2026020034,LAK,away,8476441,Joel Edmundson,6,D
2026-10-03,2026020034,LAK,away,8476469,Joel Armia,40,R
2026-10-03,2026020034,SJS,home,8476624,Barclay Goodrow,23,C
2026-10-03,2026020034,LAK,away,8476872,Scott Laughton,21,C
2026-10-03,2026020034,LAK,away,8476879,Cody Ceci,5,D
2026-10-03,2026020034,SJS,home,8476885,Jacob Trouba,65,D
2026-10-03,2026020034,LAK,away,8476979,Erik Gustafsson,64,D
2026-10-03,2026020034,SJS,home,8477498,Darnell Nurse,25,D
2026-10-03,2026020034,SJS,home,8477505,Alexander Wennberg,21,C
2026-10-03,2026020034,LAK,away,8477960,Adrian Kempe,9,R
2026-10-03,2026020034,SJS,home,8477968,Alex Nedeljkovic,33,G
2026-10-03,2026020034,LAK,away,8478550,Artemi Panarin,10,L
2026-10-03,2026020034,SJS,home,8478975,Mason Marchment,27,L
2026-10-03,2026020034,LAK,away,8479675,Trevor Moore,12,L
2026-10-03,2026020034,LAK,away,8479998,Mikey Anderson,44,D
2026-10-03,2026020034,SJS,home,8480748,Kiefer Sherwood,44,L
2026-10-03,2026020034,SJS,home,8480891,Michael Kesselring,7,D
2026-10-03,2026020034,LAK,away,8481532,Alex Turcotte,15,C
2026-10-03,2026020034,LAK,away,8482124,Quinton Byfield,55,R
2026-10-03,2026020034,SJS,home,8482137,Yaroslav Askarov,30,G
2026-10-03,2026020034,LAK,away,8482155,Alex Laferriere,14,R
2026-10-03,2026020034,SJS,home,8482700,Nolan Allan,5,D
2026-10-03,2026020034,LAK,away,8482730,Brandt Clarke,92,D
2026-10-03,2026020034,SJS,home,8482859,Zack Ostapchuk,63,C
2026-10-03,2026020034,SJS,home,8484152,Luca Cagnoni,42,D
2026-10-03,2026020034,SJS,home,8484227,Will Smith,2,C
2026-10-03,2026020034,SJS,home,8484801,Macklin Celebrini,71,C
2026-10-03,2026020034,SJS,home,8484911,Collin Graf,51,R
2026-10-03,2026020034,SJS,home,8484994,Igor Chernyshov,92,L
2026-10-03,2026020034,SJS,home,8485402,Michael Misa,77,C
2026-10-03,2026020034,SJS,home,8486103,Ivar Stenberg,41,L
2026-10-04,2026020035,DET,home,8475279,Ben Chiarot,8,D
2026-10-04,2026020035,DET,home,8475753,Justin Faulk,72,D
2026-10-04,2026020035,WPG,away,8475799,Nino Niederreiter,62,R
2026-10-04,2026020035,WPG,away,8476331,Dylan DeMelo,2,D
2026-10-04,2026020035,WPG,away,8476392,Adam Lowry,17,C
2026-10-04,2026020035,DET,home,8476434,John Gibson,36,G
2026-10-04,2026020035,WPG,away,8476460,Mark Scheifele,55,C
2026-10-04,2026020035,WPG,away,8476480,Vladislav Namestnikov,7,C
2026-10-04,2026020035,DET,home,8477429,Andrew Copp,18,C
2026-10-04,2026020035,DET,home,8477456,J.T. Compher,37,L
2026-10-04,2026020035,WPG,away,8477504,Josh Morrissey,44,D
2026-10-04,2026020035,DET,home,8477971,Andreas Englund,24,D
2026-10-04,2026020035,DET,home,8478042,Viktor Arvidsson,33,L
2026-10-04,2026020035,WPG,away,8478398,Kyle Connor,81,L
2026-10-04,2026020035,DET,home,8478434,Keegan Kolesar,55,R
2026-10-04,2026020035,DET,home,8478891,Mason Appleton,22,C
2026-10-04,2026020035,DET,home,8479337,Alex DeBrincat,93,R
2026-10-04,2026020035,WPG,away,8479973,Stuart Skinner,74,G
2026-10-04,2026020035,WPG,away,8479983,Mario Ferraro,38,D
2026-10-04,2026020035,DET,home,8479992,Michael Rasmussen,27,C
2026-10-04,2026020035,WPG,away,8480014,Gabriel Vilardi,13,C
2026-10-04,2026020035,WPG,away,8480049,Dylan Samberg,54,D
2026-10-04,2026020035,WPG,away,8480113,Alex Iafallo,9,L
2026-10-04,2026020035,WPG,away,8480145,Neal Pionk,4,D
2026-10-04,2026020035,DET,home,8480193,Daniil Tarasov,80,G
2026-10-04,2026020035,WPG,away,8480289,Morgan Barron,36,C
2026-10-04,2026020035,DET,home,8481542,Moritz Seider,53,D
2026-10-04,2026020035,DET,home,8481607,Albert Johansson,20,D
2026-10-04,2026020035,DET,home,8482078,Lucas Raymond,23,L
2026-10-04,2026020035,WPG,away,8482149,Cole Perfetti,91,C
2026-10-04,2026020035,WPG,away,8482459,Tyrel Bauer,77,D
2026-10-04,2026020035,WPG,away,8482765,Isak Rosen,27,R
2026-10-04,2026020035,WPG,away,8483471,Brad Lambert,93,C
2026-10-04,2026020035,WPG,away,8483532,Clay Stevenson,33,G
2026-10-04,2026020035,DET,home,8483679,Anton Johansson,42,D
2026-10-04,2026020035,DET,home,8484160,Nate Danielson,29,C
2026-10-04,2026020035,DET,home,8484223,Axel Sandin-Pellikka,44,D
2026-10-04,2026020035,DET,home,8484471,Emmitt Finnie,58,C
2026-10-04,2026020035,DET,home,8484794,Michael Brandsegg-Nygård,28,R
2026-10-04,2026020035,WPG,away,8486025,Viggo Björck,61,C
