datums,game_id,sezona,speles_tips,sakums_utc,arena,spele_beidzas,uzvaretajs,home_team,away_team,home_total,away_total,home_p1,away_p1,home_p2,away_p2,home_p3,away_p3,home_ot,away_ot,home_pim_total,away_pim_total,home_pim_p1,away_pim_p1,home_pim_p2,away_pim_p2,home_pim_p3,away_pim_p3,home_pim_ot,away_pim_ot,home_sog_total,away_sog_total,home_sog_p1,away_sog_p1,home_sog_p2,away_sog_p2,home_sog_p3,away_sog_p3,home_sog_ot,away_sog_ot,home_ppg,away_ppg,home_pp_sog,away_pp_sog,home_pp_opp,away_pp_opp,home_pen_count,away_pen_count,home_sh_goals,away_sh_goals,home_en_goals,away_en_goals,home_missed_shots,away_missed_shots,home_pim_official,away_pim_official,home_hits,away_hits,home_blocked_shots,away_blocked_shots,home_giveaways,away_giveaways,home_takeaways,away_takeaways,home_faceoff_pct,away_faceoff_pct,star1,star2,star3
2026-09-29,2026020001,20262027,2,2026-09-29T21:00:00Z,Lenovo Center,OT,FLA,CAR,FLA,0,1,0,0,0,0,0,0,0,1,14,12,4,0,8,10,2,2,0,0,15,20,3,6,7,8,4,5,1,1,0,0,7,4,,,7,6,0,0,0,0,9,11,,,,,,,,,,,,,G. Forsling (FLA),J. Markstrom (FLA),B. Bussi (CAR)
2026-09-29,2026020002,20262027,2,2026-09-29T23:00:00Z,Scotiabank Arena,REG,MTL,TOR,MTL,2,3,1,1,0,1,1,1,0,0,8,8,2,2,2,4,4,2,0,0,28,24,11,10,6,8,11,6,0,0,0,0,4,3,,,4,4,0,0,0,0,10,15,,,,,,,,,,,,,A. Carrier (MTL),W. Nylander (TOR),J. Anderson (MTL)
2026-09-29,2026020003,20262027,2,2026-09-30T00:00:00Z,TD Garden,REG,BOS,BOS,NYR,3,0,0,0,0,0,3,0,0,0,2,2,2,2,0,0,0,0,0,0,23,24,7,5,8,9,8,10,0,0,0,0,1,1,,,1,1,0,0,1,0,17,7,,,,,,,,,,,,,J. Swayman (BOS),F. Minten (BOS),J. Peterka (BOS)
2026-09-29,2026020004,20262027,2,2026-09-30T02:00:00Z,Rogers Place,OT,VAN,EDM,VAN,5,6,1,1,1,1,3,3,0,1,4,8,0,4,0,0,4,4,0,0,37,23,13,5,9,7,15,9,0,2,1,1,6,2,,,2,4,0,1,0,0,11,7,,,,,,,,,,,,,E. Bouchard (EDM),P. Cotter (VAN),V. Podkolzin (EDM)
2026-09-29,2026020005,20262027,2,2026-09-30T02:30:00Z,T-Mobile Arena,REG,VGK,VGK,CHI,5,2,2,0,1,1,2,1,0,0,4,6,0,4,2,0,2,2,0,0,37,26,15,6,13,6,9,14,0,0,1,0,4,2,,,2,3,0,0,1,0,13,13,,,,,,,,,,,,,T. Connelly (VGK),J. Eichel (VGK),N. Hanifin (VGK)
2026-09-30,2026020006,20262027,2,2026-09-30T23:30:00Z,Xfinity Mobile Arena,REG,PIT,PHI,PIT,0,7,0,2,0,3,0,2,0,0,10,8,2,0,6,4,2,4,0,0,19,38,5,11,7,15,7,12,0,0,0,2,6,6,,,5,4,0,1,0,0,15,15,,,,,,,,,,,,,F. Hallander (PIT),A. Silovs (PIT),V. Koivunen (PIT)
2026-09-30,2026020008,20262027,2,2026-09-30T23:30:00Z,Scotiabank Arena,REG,TOR,TOR,NYI,2,1,2,0,0,0,0,1,0,0,8,8,0,4,4,2,4,2,0,0,26,27,10,11,12,8,4,8,0,0,1,0,6,2,,,4,4,0,1,0,0,11,19,,,,,,,,,,,,,A. Stolarz (TOR),E. Cowan (TOR),C. Sissons (TOR)
2026-09-30,2026020007,20262027,2,2026-10-01T02:00:00Z,Ball Arena,REG,COL,COL,LAK,8,4,2,1,4,2,2,1,0,0,8,10,4,6,2,2,2,2,0,0,29,31,10,13,10,12,9,6,0,0,4,0,7,4,,,4,5,0,2,0,0,6,14,,,,,,,,,,,,,N. MacKinnon (COL),B. Nelson (COL),A. Lehkonen (COL)
2026-10-01,2026020009,20262027,2,2026-10-01T23:00:00Z,Prudential Center,OT,NJD,NJD,PHI,3,2,0,1,1,0,1,1,1,0,2,8,0,6,2,0,0,2,0,0,44,25,14,6,16,8,11,8,3,3,0,0,8,1,,,1,4,0,0,0,0,18,6,,,,,,,,,,,,,J. Hughes (NJD),L. Hughes (NJD),J. Woll (PHI)
2026-10-01,2026020010,20262027,2,2026-10-01T23:00:00Z,Madison Square Garden,REG,NYR,NYR,TBL,5,1,2,0,2,1,1,0,0,0,16,6,4,2,4,2,8,2,0,0,25,25,7,9,11,10,7,6,0,0,1,0,3,8,,,8,3,0,0,1,0,11,15,,,,,,,,,,,,,I. Shesterkin (NYR),P. Dorofeyev (NYR),M. Zibanejad (NYR)
2026-10-01,2026020011,20262027,2,2026-10-01T23:00:00Z,Nationwide Arena,REG,CBJ,CBJ,BUF,6,3,3,1,1,2,2,0,0,0,10,6,2,4,6,0,2,2,0,0,23,26,8,6,6,13,9,7,0,0,2,0,6,5,,,5,3,0,0,1,0,8,14,,,,,,,,,,,,,M. Knies (CBJ),Z. Werenski (CBJ),C. Coyle (CBJ)
2026-10-01,2026020012,20262027,2,2026-10-02T00:00:00Z,Bridgestone Arena,REG,MIN,NSH,MIN,1,3,0,2,1,0,0,1,0,0,8,8,6,2,0,4,2,2,0,0,20,30,6,9,7,9,7,12,0,0,0,1,5,8,,,4,4,0,0,0,0,15,19,,,,,,,,,,,,,B. Coleman (MIN),N. Foligno (MIN),R. Josi (NSH)
2026-10-01,2026020014,20262027,2,2026-10-02T01:00:00Z,Scotiabank Saddledome,REG,SEA,CGY,SEA,1,6,0,3,0,0,1,3,0,0,12,4,4,2,8,2,0,0,0,0,25,32,6,6,8,12,11,14,0,0,0,1,0,6,,,6,2,0,0,0,0,17,14,,,,,,,,,,,,,V. Dunn (SEA),J. Daccord (SEA),J. Eberle (SEA)
2026-10-01,2026020013,20262027,2,2026-10-02T01:30:00Z,Delta Center,REG,UTA,UTA,CHI,6,0,2,0,3,0,1,0,0,0,8,8,0,2,6,6,2,0,0,0,32,15,13,7,13,2,6,6,0,0,2,0,3,1,,,4,4,0,0,0,0,22,16,,,,,,,,,,,,,D. Guenther (UTA),C. Keller (UTA),K. Vejmelka (UTA)
2026-10-01,2026020015,20262027,2,2026-10-02T02:00:00Z,Rogers Arena,REG,EDM,VAN,EDM,7,9,0,4,3,4,4,1,0,0,10,6,6,0,0,4,4,2,0,0,22,31,2,15,8,9,12,8,0,0,1,2,4,9,,,5,3,0,2,0,0,10,12,,,,,,,,,,,,,C. McDavid (EDM),M. Rossi (VAN),L. Draisaitl (EDM)
2026-10-01,2026020016,20262027,2,2026-10-02T02:00:00Z,SAP Center at San Jose,OT,SJS,SJS,FLA,4,3,1,0,2,1,0,2,1,0,12,8,2,2,10,4,0,2,0,0,32,26,11,6,8,11,7,9,6,0,1,1,8,9,,,5,4,1,0,0,0,16,23,,,,,,,,,,,,,W. Smith (SJS),L. Cagnoni (SJS),M. Celebrini (SJS)
