datums,game_id,team,home_away,playerId,vards,numurs,pozicija,goals,assists,points,plusMinus,pim,hits,powerPlayGoals,sog,faceoffWinningPctg,toi,blockedShots,shifts,giveaways,takeaways
2026-09-30,2026020006,PHI,home,8478439,Travis Konecny,11,R,0,0,0,-1,2,3,0,2,0.5,14:47,0,21,1,0
2026-09-30,2026020006,PHI,home,8476461,Sean Couturier,14,C,0,0,0,-1,0,1,0,0,0.75,15:04,0,20,0,0
2026-09-30,2026020006,PHI,home,8483731,Alex Bump,20,L,0,0,0,0,0,2,0,1,0.0,14:39,0,17,1,2
2026-09-30,2026020006,PHI,home,8477989,Christian Dvorak,22,C,0,0,0,-1,0,2,0,2,0.666667,14:58,1,23,2,0
2026-09-30,2026020006,PHI,home,8480220,Noah Cates,27,L,0,0,0,-1,0,0,0,1,0.555556,14:17,0,19,1,1
2026-09-30,2026020006,PHI,home,8484387,Matvei Michkov,39,R,0,0,0,-1,0,0,0,1,0.0,15:47,0,18,1,0
2026-09-30,2026020006,PHI,home,8481533,Trevor Zegras,46,C,0,0,0,-2,0,0,0,1,0.428571,16:25,0,20,1,0
2026-09-30,2026020006,PHI,home,8478569,Noel Acciari,52,C,0,0,0,-3,0,3,0,1,0.785714,15:20,1,21,2,0
2026-09-30,2026020006,PHI,home,8482159,Tyson Foerster,71,R,0,0,0,-2,0,1,0,1,0.0,17:08,0,22,0,0
2026-09-30,2026020006,PHI,home,8480015,Owen Tippett,74,R,0,0,0,-1,0,6,0,4,0.0,14:11,0,19,0,0
2026-09-30,2026020006,PHI,home,8479336,Carl Grundstrom,91,R,0,0,0,-2,0,4,0,1,0.0,12:01,1,15,1,0
2026-09-30,2026020006,PHI,home,8485406,Porter Martone,94,R,0,0,0,-1,2,0,0,0,0.0,14:05,0,18,4,0
2026-09-30,2026020006,PHI,home,8477948,Travis Sanheim,6,D,0,0,0,-2,0,0,0,3,0.0,20:15,0,24,4,1
2026-09-30,2026020006,PHI,home,8481546,Cam York,8,D,0,0,0,-2,0,0,0,1,0.0,21:08,1,28,2,0
2026-09-30,2026020006,PHI,home,8482142,Jamie Drysdale,9,D,0,0,0,-3,2,1,0,0,0.0,17:21,1,23,0,0
2026-09-30,2026020006,PHI,home,8476372,Nick Seeler,24,D,0,0,0,0,2,2,0,0,0.0,19:54,1,23,0,0
2026-09-30,2026020006,PHI,home,8481122,Simon Benoit,44,D,0,0,0,-1,2,2,0,0,0.0,18:29,0,23,1,0
2026-09-30,2026020006,PHI,home,8477499,Rasmus Ristolainen,55,D,0,0,0,-1,0,1,0,0,0.0,17:40,2,23,0,1
2026-09-30,2026020006,PIT,away,8480842,Filip Hallander,11,C,1,2,3,4,0,1,0,3,0.0,10:55,0,16,0,0
2026-09-30,2026020006,PIT,away,8481582,Nick Robertson,14,L,2,0,2,2,2,0,0,4,0.0,15:02,1,21,0,0
2026-09-30,2026020006,PIT,away,8478438,Tommy Novak,18,C,0,1,1,0,0,0,0,0,0.153846,16:04,1,19,1,0
2026-09-30,2026020006,PIT,away,8480980,Connor Dewar,19,C,0,0,0,0,2,4,0,0,0.0,14:51,1,20,0,0
2026-09-30,2026020006,PIT,away,8482148,Hendrix Lapierre,22,C,1,1,2,3,0,4,0,1,0.333333,13:02,0,16,1,0
2026-09-30,2026020006,PIT,away,8481725,Elmer Soderblom,25,L,0,0,0,0,0,2,0,0,0.0,12:39,0,16,0,1
2026-09-30,2026020006,PIT,away,8482758,Ville Koivunen,41,R,1,0,1,3,0,0,0,2,0.0,13:50,0,15,0,0
2026-09-30,2026020006,PIT,away,8481481,Blake Lizotte,46,C,0,0,0,0,0,0,0,4,0.5,13:13,1,20,2,0
2026-09-30,2026020006,PIT,away,8482475,Egor Chinakhov,59,R,1,0,1,0,0,1,1,3,0.0,16:58,0,19,1,0
2026-09-30,2026020006,PIT,away,8476483,Rickard Rakell,67,R,0,1,1,1,0,3,0,2,0.5,18:32,0,21,0,0
2026-09-30,2026020006,PIT,away,8471215,Evgeni Malkin,71,C,1,0,1,0,0,0,1,2,0.0,15:47,0,17,0,0
2026-09-30,2026020006,PIT,away,8471675,Sidney Crosby,87,C,0,1,1,1,0,2,0,3,0.45,17:39,0,21,0,0
2026-09-30,2026020006,PIT,away,8481527,Kaedan Korczak,6,D,0,2,2,3,0,1,0,3,0.0,18:31,2,21,0,0
2026-09-30,2026020006,PIT,away,8479398,Samuel Girard,49,D,0,2,2,3,0,1,0,2,0.0,21:02,0,21,0,1
2026-09-30,2026020006,PIT,away,8477845,Trevor van Riemsdyk,57,D,0,0,0,1,0,1,0,0,0.0,20:42,4,23,1,0
2026-09-30,2026020006,PIT,away,8471724,Kris Letang,58,D,0,1,1,1,0,2,0,4,0.0,18:44,0,21,2,1
2026-09-30,2026020006,PIT,away,8474578,Erik Karlsson,65,D,0,1,1,1,0,0,0,3,0.0,19:59,1,22,3,0
2026-09-30,2026020006,PIT,away,8483398,Declan Carlile,72,D,0,1,1,1,4,1,0,2,0.0,16:30,0,23,0,0
2026-09-30,2026020008,TOR,home,8476925,Colton Sissons,15,C,1,0,1,1,0,2,0,2,0.583333,11:22,2,16,1,0
2026-09-30,2026020008,TOR,home,8477426,Nick Paul,20,L,0,1,1,1,2,1,0,1,0.666667,15:43,0,19,0,0
2026-09-30,2026020008,TOR,home,8479520,Brandon Duhaime,24,L,0,0,0,0,0,1,0,2,0.0,14:39,3,21,3,0
2026-09-30,2026020008,TOR,home,8480870,Bo Groulx,29,C,0,0,0,0,0,3,0,1,0.5,09:49,0,13,0,0
2026-09-30,2026020008,TOR,home,8479318,Auston Matthews,34,C,0,0,0,-1,0,1,0,1,0.615385,20:04,1,20,0,0
2026-09-30,2026020008,TOR,home,8484158,Easton Cowan,53,R,1,1,2,1,0,2,1,3,0.0,13:23,0,18,3,0
2026-09-30,2026020008,TOR,home,8476927,Teddy Blueger,73,C,0,0,0,0,0,2,0,0,0.6,12:32,1,17,1,0
2026-09-30,2026020008,TOR,home,8480893,Kirill Marchenko,86,R,0,0,0,-1,2,4,0,3,0.0,18:16,0,20,1,0
2026-09-30,2026020008,TOR,home,8477939,William Nylander,88,R,0,0,0,-1,0,0,0,1,0.0,17:29,1,17,1,0
2026-09-30,2026020008,TOR,home,8475166,John Tavares,91,C,0,0,0,-1,2,0,0,1,0.375,16:58,1,17,0,1
2026-09-30,2026020008,TOR,home,8486067,Gavin McKenna,92,L,0,0,0,0,0,0,0,1,0.0,15:32,0,16,1,1
2026-09-30,2026020008,TOR,home,8478458,Jack Roslovic,96,C,0,1,1,0,0,1,0,2,1.0,14:53,1,19,0,0
2026-09-30,2026020008,TOR,home,8475690,Chris Tanev,8,D,0,0,0,0,0,0,0,0,0.0,20:39,3,27,1,1
2026-09-30,2026020008,TOR,home,8476931,Jake McCabe,22,D,0,0,0,0,2,0,0,1,0.0,20:19,5,26,1,0
2026-09-30,2026020008,TOR,home,8479442,Troy Stecher,28,D,0,0,0,1,0,1,0,0,0.0,16:05,0,24,0,0
2026-09-30,2026020008,TOR,home,8478178,Darren Raddysh,43,D,0,0,0,-1,0,0,0,4,0.0,20:36,1,20,1,0
2026-09-30,2026020008,TOR,home,8476853,Morgan Rielly,44,D,0,1,1,0,0,0,0,1,0.0,19:49,1,21,1,1
2026-09-30,2026020008,TOR,home,8475171,Oliver Ekman-Larsson,95,D,0,0,0,1,0,1,0,2,0.0,15:30,1,24,0,0
2026-09-30,2026020008,NYI,away,8475170,Brayden Schenn,10,C,0,0,0,0,2,3,0,1,0.333333,14:27,0,16,0,0
2026-09-30,2026020008,NYI,away,8477407,Anthony Duclair,11,L,0,0,0,0,0,0,0,4,0.0,12:17,1,16,0,0
2026-09-30,2026020008,NYI,away,8477500,Bo Horvat,14,C,0,1,1,1,0,1,0,4,0.4,22:31,0,23,3,0
2026-09-30,2026020008,NYI,away,8475151,Kyle Palmieri,21,C,0,0,0,0,0,1,0,4,0.0,18:35,1,20,0,0
2026-09-30,2026020008,NYI,away,8485388,Victor Eklund,38,R,0,0,0,-1,2,1,0,2,0.0,11:58,0,16,0,0
2026-09-30,2026020008,NYI,away,8476419,Jean-Gabriel Pageau,44,C,0,0,0,-1,0,2,0,1,0.538462,13:50,0,19,0,0
2026-09-30,2026020008,NYI,away,8482476,Emil Heineman,51,L,1,0,1,0,0,3,0,1,0.0,13:26,0,20,0,1
2026-09-30,2026020008,NYI,away,8475231,Casey Cizikas,53,C,0,0,0,0,0,2,0,0,0.444444,09:29,0,14,0,0
2026-09-30,2026020008,NYI,away,8481711,Matias Maccelli,63,L,0,0,0,0,2,1,0,1,0.0,17:39,0,18,1,1
2026-09-30,2026020008,NYI,away,8484221,Calum Ritchie,64,C,0,0,0,0,0,2,0,2,0.333333,16:03,1,19,0,0
2026-09-30,2026020008,NYI,away,8476292,Ondrej Palat,81,L,0,0,0,0,0,1,0,2,0.0,10:06,0,15,0,1
2026-09-30,2026020008,NYI,away,8481601,Simon Holmstrom,92,R,0,0,0,0,0,0,0,0,0.0,20:17,0,22,1,0
2026-09-30,2026020008,NYI,away,8476917,Adam Pelech,3,D,0,0,0,0,0,1,0,0,0.0,19:51,1,31,1,0
2026-09-30,2026020008,NYI,away,8477506,Ryan Pulock,6,D,0,0,0,0,0,1,0,0,0.0,16:27,2,25,0,0
2026-09-30,2026020008,NYI,away,8479378,Logan Stanley,8,D,0,0,0,0,0,3,0,0,0.0,15:06,1,19,0,0
2026-09-30,2026020008,NYI,away,8481014,Alexander Romanov,28,D,0,0,0,1,0,2,0,2,0.0,17:09,2,21,3,1
2026-09-30,2026020008,NYI,away,8485366,Matthew Schaefer,48,D,0,0,0,0,2,0,0,3,0.0,27:45,1,27,2,0
2026-09-30,2026020008,NYI,away,8477950,Tony DeAngelo,77,D,0,0,0,-1,0,0,0,0,0.0,17:14,1,21,0,0
2026-09-30,2026020007,COL,home,8482768,Fedor Svechkov,9,C,0,0,0,0,0,1,0,0,0.142857,15:28,1,20,0,0
2026-09-30,2026020007,COL,home,8478462,Nicolas Roy,10,C,1,0,1,1,0,2,0,2,0.333333,12:12,1,19,1,1
2026-09-30,2026020007,COL,home,8475754,Brock Nelson,11,C,1,2,3,0,0,0,1,1,0.214286,19:14,0,27,0,0
2026-09-30,2026020007,COL,home,8486171,T.J. Hughes,13,R,0,0,0,-3,2,2,0,2,0.6,13:35,0,15,0,0
2026-09-30,2026020007,COL,home,8480448,Parker Kelly,17,C,1,1,2,2,0,3,0,1,0.0,12:53,0,22,2,0
2026-09-30,2026020007,COL,home,8477492,Nathan MacKinnon,29,C,2,0,2,-2,5,2,1,8,0.4,17:44,0,22,1,0
2026-09-30,2026020007,COL,home,8477476,Artturi Lehkonen,62,L,2,0,2,1,0,2,2,3,0.0,19:27,2,26,1,0
2026-09-30,2026020007,COL,home,8475768,Jaden Schwartz,71,L,0,2,2,-1,2,2,0,1,0.0,12:49,0,19,1,0
2026-09-30,2026020007,COL,home,8480039,Martin Necas,88,C,0,1,1,-1,0,1,0,4,0.0,19:11,0,22,1,1
2026-09-30,2026020007,COL,home,8475172,Nazem Kadri,91,C,0,2,2,1,0,1,0,2,0.666667,17:57,0,26,1,0
2026-09-30,2026020007,COL,home,8476455,Gabriel Landeskog,92,L,1,0,1,-1,0,0,0,1,0.666667,17:52,1,21,0,0
2026-09-30,2026020007,COL,home,8478038,Devon Toews,7,D,0,2,2,1,2,1,0,0,0.0,20:04,0,24,1,0
2026-09-30,2026020007,COL,home,8480069,Cale Makar,8,D,0,2,2,-1,0,0,0,1,0.0,18:14,3,20,0,0
2026-09-30,2026020007,COL,home,8476967,Brett Kulak,27,D,0,0,0,1,0,0,0,0,0.0,19:44,1,23,0,0
2026-09-30,2026020007,COL,home,8476312,Josh Manson,42,D,0,1,1,0,0,1,0,1,0.0,14:31,1,18,1,0
2026-09-30,2026020007,COL,home,8478454,Noah Juulsen,47,D,0,0,0,1,2,0,0,0,0.0,11:15,1,21,1,0
2026-09-30,2026020007,COL,home,8484258,Sam Malinski,70,D,0,0,0,1,0,0,0,2,0.0,14:27,3,18,0,1
2026-09-30,2026020007,COL,home,8470613,Brent Burns,84,D,0,1,1,0,0,1,0,0,0.0,15:23,1,19,0,0
2026-09-30,2026020007,LAK,away,8477960,Adrian Kempe,9,R,0,0,0,-2,2,2,0,3,0.0,19:23,0,22,1,0
2026-09-30,2026020007,LAK,away,8478550,Artemi Panarin,10,L,1,0,1,-2,0,0,0,2,0.0,20:16,0,22,1,0
2026-09-30,2026020007,LAK,away,8479675,Trevor Moore,12,L,1,0,1,0,0,1,0,2,0.0,14:56,1,23,0,0
2026-09-30,2026020007,LAK,away,8482155,Alex Laferriere,14,R,0,2,2,1,0,5,0,2,0.0,15:31,1,21,0,0
2026-09-30,2026020007,LAK,away,8481532,Alex Turcotte,15,C,0,1,1,1,2,2,0,1,0.833333,15:35,0,21,0,1
2026-09-30,2026020007,LAK,away,8476872,Scott Laughton,21,C,0,0,0,0,0,1,0,3,0.571429,15:07,1,23,1,0
2026-09-30,2026020007,LAK,away,8475692,Mats Zuccarello,36,R,0,0,0,2,0,0,0,0,0.0,17:59,0,18,1,0
2026-09-30,2026020007,LAK,away,8476469,Joel Armia,40,R,1,0,1,1,0,0,0,2,0.0,12:55,1,19,1,0
2026-09-30,2026020007,LAK,away,8481732,Andre Lee,47,L,0,0,0,0,2,1,0,1,0.0,07:56,0,11,0,0
2026-09-30,2026020007,LAK,away,8482124,Quinton Byfield,55,R,0,0,0,-2,0,0,0,3,0.875,18:59,2,21,1,4
2026-09-30,2026020007,LAK,away,8475287,Erik Haula,56,L,0,1,1,-1,0,0,0,3,0.363636,15:26,0,27,0,0
2026-09-30,2026020007,LAK,away,8482726,Samuel Helenius,79,C,0,0,0,0,0,3,0,1,0.2,06:59,0,10,0,0
2026-09-30,2026020007,LAK,away,8475208,Brian Dumoulin,2,D,1,0,1,-1,0,0,0,2,0.0,16:30,2,22,1,1
2026-09-30,2026020007,LAK,away,8476879,Cody Ceci,5,D,0,1,1,3,0,0,0,1,0.0,19:24,1,26,0,0
2026-09-30,2026020007,LAK,away,8476441,Joel Edmundson,6,D,0,0,0,0,2,1,0,1,0.0,15:34,0,22,1,1
2026-09-30,2026020007,LAK,away,8474563,Drew Doughty,8,D,0,1,1,-2,2,0,0,1,0.0,22:41,2,28,1,0
2026-09-30,2026020007,LAK,away,8479998,Mikey Anderson,44,D,0,1,1,1,0,1,0,2,0.0,19:21,2,26,0,0
2026-09-30,2026020007,LAK,away,8482730,Brandt Clarke,92,D,0,0,0,0,5,0,0,1,0.0,18:57,2,19,1,0
2026-10-01,2026020009,NJD,home,8476474,Stefan Noesen,11,R,0,0,0,0,0,4,0,0,0.0,06:00,0,10,0,0
2026-10-01,2026020009,NJD,home,8479996,Cody Glass,12,C,0,0,0,0,0,1,0,3,0.428571,08:26,0,15,1,0
2026-10-01,2026020009,NJD,home,8480002,Nico Hischier,13,C,0,0,0,1,0,2,0,2,0.611111,18:56,1,23,0,0
2026-10-01,2026020009,NJD,home,8478542,Evan Rodrigues,17,C,0,0,0,-2,0,2,0,1,0.666667,17:13,0,22,0,0
2026-10-01,2026020009,NJD,home,8478414,Timo Meier,28,R,0,0,0,0,0,2,0,4,0.333333,16:41,0,21,1,1
2026-10-01,2026020009,NJD,home,8477511,Anthony Mantha,39,R,0,0,0,1,0,0,0,1,0.0,17:24,0,22,1,0
2026-10-01,2026020009,NJD,home,8479407,Jesper Bratt,63,L,0,1,1,2,0,0,0,6,0.0,21:16,0,25,3,0
2026-10-01,2026020009,NJD,home,8482146,Luke Evangelista,77,R,0,1,1,0,2,1,0,4,0.0,18:10,1,20,1,0
2026-10-01,2026020009,NJD,home,8481721,Arseny Gritsyuk,81,R,0,0,0,-1,0,1,0,2,0.0,18:43,2,20,0,0
2026-10-01,2026020009,NJD,home,8481559,Jack Hughes,86,C,1,0,1,2,0,0,0,5,0.214286,25:48,0,26,2,0
2026-10-01,2026020009,NJD,home,8482110,Dawson Mercer,91,C,0,0,0,-1,0,1,0,3,0.0,16:08,0,18,2,0
2026-10-01,2026020009,NJD,home,8483695,Amadeus Lombardi,93,C,0,0,0,0,0,0,0,0,0.0,08:03,0,11,0,0
2026-10-01,2026020009,NJD,home,8475455,Brenden Dillon,5,D,0,0,0,0,0,1,0,0,0.0,14:48,1,17,1,0
2026-10-01,2026020009,NJD,home,8476462,Dougie Hamilton,7,D,1,0,1,-1,0,3,0,6,0.0,21:32,1,26,3,1
2026-10-01,2026020009,NJD,home,8477488,Brett Pesce,22,D,0,0,0,2,0,0,0,0,0.0,19:32,0,26,2,1
2026-10-01,2026020009,NJD,home,8482684,Luke Hughes,43,D,1,0,1,1,0,0,0,5,0.0,24:17,0,26,0,2
2026-10-01,2026020009,NJD,home,8480990,Declan Chisholm,47,D,0,0,0,0,0,0,0,2,0.0,14:32,2,17,0,0
2026-10-01,2026020009,NJD,home,8478399,Jonas Siegenthaler,71,D,0,0,0,-1,0,0,0,0,0.0,20:40,2,24,0,2
2026-10-01,2026020009,PHI,away,8478439,Travis Konecny,11,R,0,1,1,-1,0,4,0,1,0.0,16:59,2,27,0,0
2026-10-01,2026020009,PHI,away,8476461,Sean Couturier,14,C,0,1,1,1,2,1,0,2,0.538462,17:02,0,25,0,0
2026-10-01,2026020009,PHI,away,8483731,Alex Bump,20,L,0,0,0,0,0,3,0,0,0.0,08:18,0,11,1,0
2026-10-01,2026020009,PHI,away,8477989,Christian Dvorak,22,C,0,0,0,0,2,1,0,1,0.444444,20:45,2,28,0,1
2026-10-01,2026020009,PHI,away,8480220,Noah Cates,27,L,0,0,0,-1,0,0,0,2,0.461538,15:12,1,24,1,0
2026-10-01,2026020009,PHI,away,8484387,Matvei Michkov,39,R,0,0,0,-1,0,0,0,1,1.0,13:24,2,18,2,1
2026-10-01,2026020009,PHI,away,8481533,Trevor Zegras,46,C,0,0,0,0,2,0,0,1,0.4,17:12,0,24,2,0
2026-10-01,2026020009,PHI,away,8478569,Noel Acciari,52,C,0,0,0,0,2,1,0,0,0.538462,16:36,2,22,0,0
2026-10-01,2026020009,PHI,away,8482159,Tyson Foerster,71,R,0,0,0,-1,0,1,0,2,0.0,18:50,1,26,0,0
2026-10-01,2026020009,PHI,away,8480015,Owen Tippett,74,R,0,0,0,0,0,4,0,2,0.0,16:05,1,24,0,0
2026-10-01,2026020009,PHI,away,8479336,Carl Grundstrom,91,R,0,0,0,1,0,2,0,1,0.0,08:30,1,14,0,0
2026-10-01,2026020009,PHI,away,8485406,Porter Martone,94,R,0,0,0,1,0,0,0,1,0.0,12:27,0,15,2,1
2026-10-01,2026020009,PHI,away,8477948,Travis Sanheim,6,D,1,1,2,0,0,0,0,3,0.0,25:47,3,35,4,0
2026-10-01,2026020009,PHI,away,8481546,Cam York,8,D,0,0,0,-1,0,2,0,1,0.0,24:01,3,30,3,0
2026-10-01,2026020009,PHI,away,8482142,Jamie Drysdale,9,D,0,0,0,-1,0,0,0,1,0.0,20:39,6,26,3,0
2026-10-01,2026020009,PHI,away,8476372,Nick Seeler,24,D,0,0,0,0,0,1,0,1,0.0,14:43,5,23,1,0
2026-10-01,2026020009,PHI,away,8481122,Simon Benoit,44,D,0,0,0,0,0,2,0,1,0.0,13:29,0,20,3,0
2026-10-01,2026020009,PHI,away,8477499,Rasmus Ristolainen,55,D,1,0,1,1,0,2,0,4,0.0,22:44,3,33,1,0
2026-10-01,2026020010,NYR,home,8476468,J.T. Miller,10,C,0,0,0,1,4,0,0,1,0.785714,15:33,2,25,0,1
2026-10-01,2026020010,NYR,home,8482109,Alexis Lafrenière,13,L,0,0,0,1,0,0,0,3,1.0,15:15,0,17,2,0
2026-10-01,2026020010,NYR,home,8481604,Pavel Dorofeyev,16,R,1,1,2,0,0,0,0,5,0.0,13:44,0,20,0,0
2026-10-01,2026020010,NYR,home,8480009,Eeli Tolvanen,17,R,1,0,1,2,0,0,0,1,0.0,14:18,1,22,1,0
2026-10-01,2026020010,NYR,home,8481789,Tye Kartye,24,L,0,0,0,0,0,5,0,0,1.0,14:47,0,24,0,0
2026-10-01,2026020010,NYR,home,8477416,Oliver Bjorkstrand,28,R,0,1,1,1,0,0,0,1,0.0,12:25,0,19,0,0
2026-10-01,2026020010,NYR,home,8483690,Noah Laba,42,C,0,1,1,1,2,0,0,0,0.3,16:14,1,24,1,0
2026-10-01,2026020010,NYR,home,8482877,Jaroslav Chmelar,49,R,0,0,0,0,0,1,0,1,0.0,06:18,0,11,0,0
2026-10-01,2026020010,NYR,home,8482157,Will Cuylle,50,L,0,0,0,1,2,3,0,3,0.5,14:12,0,23,1,0
2026-10-01,2026020010,NYR,home,8480813,Joseph Veleno,90,C,0,0,0,0,0,4,0,1,0.666667,14:45,2,25,0,1
2026-10-01,2026020010,NYR,home,8476459,Mika Zibanejad,93,C,1,1,2,1,0,2,1,3,0.666667,18:53,3,23,2,0
2026-10-01,2026020010,NYR,home,8484210,Gabe Perreault,94,R,1,0,1,1,0,2,0,1,0.0,10:46,0,14,0,0
2026-10-01,2026020010,NYR,home,8482073,Braden Schneider,4,D,0,0,0,2,4,3,0,3,0.0,18:48,1,26,1,0
2026-10-01,2026020010,NYR,home,8480434,Sean Durzi,5,D,0,0,0,0,2,0,0,0,0.0,20:54,2,23,3,1
2026-10-01,2026020010,NYR,home,8485957,Alberts Smits,12,D,0,0,0,3,0,1,0,0,0.0,14:09,1,18,1,0
2026-10-01,2026020010,NYR,home,8479323,Adam Fox,23,D,0,2,2,0,2,0,0,0,0.0,19:04,0,26,1,0
2026-10-01,2026020010,NYR,home,8477969,Marcus Pettersson,26,D,0,0,0,1,0,0,0,1,0.0,21:38,5,26,1,1
2026-10-01,2026020010,NYR,home,8478882,Vladislav Gavrikov,44,D,0,0,0,0,0,1,0,0,0.0,23:20,5,27,2,0
2026-10-01,2026020010,TBL,away,8478424,Jansen Harkins,10,C,0,0,0,-1,0,4,0,1,0.0,10:55,0,12,1,0
2026-10-01,2026020010,TBL,away,8478010,Brayden Point,21,C,0,1,1,-1,0,0,0,1,0.3,22:38,1,20,1,0
2026-10-01,2026020010,TBL,away,8479705,Jeffrey Viel,25,L,0,0,0,-2,2,4,0,1,0.0,08:49,0,13,1,0
2026-10-01,2026020010,TBL,away,8476878,Zemgus Girgensons,28,C,0,0,0,-1,0,3,0,0,0.142857,07:39,0,11,0,0
2026-10-01,2026020010,TBL,away,8480995,Pontus Holmberg,29,R,0,0,0,-1,0,1,0,3,0.0,14:59,0,18,3,0
2026-10-01,2026020010,TBL,away,8479542,Brandon Hagel,38,L,0,0,0,-1,0,1,0,3,0.0,23:40,0,24,1,1
2026-10-01,2026020010,TBL,away,8477404,Jake Guentzel,59,C,0,0,0,-1,0,0,0,4,0.636364,24:02,0,22,1,1
2026-10-01,2026020010,TBL,away,8478519,Anthony Cirelli,71,C,0,0,0,0,0,1,0,3,0.45,19:56,2,26,2,0
2026-10-01,2026020010,TBL,away,8476453,Nikita Kucherov,86,R,1,0,1,-1,0,0,0,1,0.0,24:07,1,21,4,1
2026-10-01,2026020010,TBL,away,8482201,Gage Goncalves,93,C,0,0,0,-1,0,1,0,0,0.0,12:09,0,15,2,0
2026-10-01,2026020010,TBL,away,8483447,Conor Geekie,94,C,0,0,0,0,0,3,0,0,0.666667,12:32,0,15,0,0
2026-10-01,2026020010,TBL,away,8481624,Ilya Mikheyev,95,R,0,1,1,-1,0,0,0,0,0.0,10:56,1,15,1,0
2026-10-01,2026020010,TBL,away,8474151,Ryan McDonagh,27,D,0,0,0,-1,0,1,0,1,0.0,15:46,1,23,1,1
2026-10-01,2026020010,TBL,away,8480426,Charle-Edouard D'Astous,51,D,0,0,0,0,0,2,0,0,0.0,19:07,2,22,1,1
2026-10-01,2026020010,TBL,away,8474590,John Carlson,74,D,0,0,0,-2,0,1,0,4,0.0,23:41,2,24,2,0
2026-10-01,2026020010,TBL,away,8475167,Victor Hedman,77,D,0,0,0,0,0,2,0,2,0.0,17:45,4,21,0,0
2026-10-01,2026020010,TBL,away,8478416,Erik Cernak,81,D,0,0,0,-1,0,5,0,1,0.0,16:00,0,23,0,0
2026-10-01,2026020010,TBL,away,8482655,J.J. Moser,90,D,0,0,0,-1,4,2,0,0,0.0,14:54,2,19,1,0
2026-10-01,2026020011,CBJ,home,8475745,Charlie Coyle,3,C,0,3,3,2,0,2,0,0,0.470588,19:04,1,26,1,1
2026-10-01,2026020011,CBJ,home,8482705,Cole Sillinger,4,C,1,0,1,2,4,1,0,3,1.0,15:21,0,22,2,0
2026-10-01,2026020011,CBJ,home,8481716,Dmitri Voronkov,10,L,0,1,1,0,0,4,0,0,0.0,10:44,0,14,0,0
2026-10-01,2026020011,CBJ,home,8484166,Adam Fantilli,19,C,1,0,1,0,0,6,0,2,0.8,17:28,1,26,0,1
2026-10-01,2026020011,CBJ,home,8477497,Sean Monahan,23,C,1,0,1,0,0,0,1,1,0.4,15:31,1,24,1,0
2026-10-01,2026020011,CBJ,home,8479671,Mathieu Olivier,24,R,1,0,1,2,7,3,0,3,0.0,14:32,0,21,0,0
2026-10-01,2026020011,CBJ,home,8477501,Valeri Nichushkin,43,R,0,1,1,-1,0,1,0,0,0.0,15:45,0,22,0,0
2026-10-01,2026020011,CBJ,home,8478046,Danton Heinen,58,L,0,0,0,-1,0,0,0,2,0.4,12:11,3,17,0,1
2026-10-01,2026020011,CBJ,home,8478856,Conor Garland,83,R,0,0,0,0,0,1,0,0,0.0,12:09,1,19,1,0
2026-10-01,2026020011,CBJ,home,8482720,Matthew Knies,89,L,2,1,3,0,0,0,1,4,0.0,16:06,0,24,1,1
2026-10-01,2026020011,CBJ,home,8482660,Kent Johnson,91,C,0,1,1,0,2,0,0,1,0.0,14:53,0,22,0,0
2026-10-01,2026020011,CBJ,home,8479066,Ryan Lomberg,94,L,0,0,0,0,0,2,0,0,0.0,09:21,0,14,0,0
2026-10-01,2026020011,CBJ,home,8481161,Jake Christiansen,2,D,0,0,0,-1,0,2,0,0,0.0,07:05,1,11,2,0
2026-10-01,2026020011,CBJ,home,8483485,Denton Mateychuk,5,D,0,1,1,0,0,0,0,2,0.0,27:28,0,30,1,0
2026-10-01,2026020011,CBJ,home,8477369,Carson Soucy,7,D,0,0,0,1,2,2,0,2,0.0,20:15,2,29,0,0
2026-10-01,2026020011,CBJ,home,8478460,Zach Werenski,8,D,0,2,2,2,0,0,0,3,0.0,28:46,1,32,2,2
2026-10-01,2026020011,CBJ,home,8482126,Emil Andrae,36,D,0,1,1,1,0,1,0,0,0.0,15:37,1,19,0,0
2026-10-01,2026020011,CBJ,home,8475790,Erik Gudbranson,44,D,0,0,0,-1,0,0,0,0,0.0,17:44,3,21,1,0
2026-10-01,2026020011,BUF,away,8484145,Zach Benson,6,L,0,1,1,-1,0,2,0,1,0.0,18:34,1,21,1,0
2026-10-01,2026020011,BUF,away,8480064,Josh Norris,9,C,0,0,0,1,0,2,0,1,0.714286,16:19,1,22,0,0
2026-10-01,2026020011,BUF,away,8475842,Sam Carrick,10,C,0,0,0,-2,0,1,0,0,0.4,07:43,0,17,1,0
2026-10-01,2026020011,BUF,away,8481522,Peyton Krebs,19,C,0,0,0,0,0,3,0,0,0.0,14:58,0,22,1,0
2026-10-01,2026020011,BUF,away,8483468,Jiri Kulich,20,C,0,0,0,-2,0,1,0,1,0.2,08:45,0,17,0,0
2026-10-01,2026020011,BUF,away,8482097,Jack Quinn,22,R,1,0,1,-1,0,1,0,4,0.0,20:46,0,23,1,0
2026-10-01,2026020011,BUF,away,8479359,Beck Malenstyn,29,L,0,0,0,-2,0,4,0,1,0.0,08:11,1,17,1,0
2026-10-01,2026020011,BUF,away,8480802,Ryan McLeod,71,C,0,1,1,0,0,0,0,0,0.4,16:41,0,25,1,0
2026-10-01,2026020011,BUF,away,8479420,Tage Thompson,72,C,0,0,0,0,2,1,0,4,0.428571,19:46,0,26,1,0
2026-10-01,2026020011,BUF,away,8483500,Noah Ostlund,86,C,0,2,2,1,0,0,0,3,0.545455,16:42,0,22,0,0
2026-10-01,2026020011,BUF,away,8482659,Josh Doan,91,R,0,0,0,0,0,2,0,3,0.5,19:06,0,26,1,1
2026-10-01,2026020011,BUF,away,8484797,Konsta Helenius,94,C,1,0,1,2,0,2,0,2,0.0,15:09,0,21,0,0
2026-10-01,2026020011,BUF,away,8480807,Mattias Samuelsson,23,D,1,0,1,-2,4,0,0,1,0.0,18:21,0,26,2,0
2026-10-01,2026020011,BUF,away,8476891,Matt Grzelcyk,24,D,0,0,0,-1,0,0,0,0,0.0,14:27,1,22,0,0
2026-10-01,2026020011,BUF,away,8482671,Owen Power,25,D,0,2,2,2,0,0,0,0,0.0,25:25,0,28,2,0
2026-10-01,2026020011,BUF,away,8480839,Rasmus Dahlin,26,D,0,0,0,-1,0,2,0,4,0.0,25:58,0,28,0,0
2026-10-01,2026020011,BUF,away,8481806,Louis Crevier,46,D,0,0,0,0,0,0,0,1,0.0,16:14,2,24,2,1
2026-10-01,2026020011,BUF,away,8484305,Zach Metsa,73,D,0,0,0,-1,5,0,0,0,0.0,12:54,2,21,1,0
2026-10-01,2026020012,NSH,home,8476887,Filip Forsberg,9,L,0,1,1,0,0,2,0,2,0.0,19:29,0,20,1,0
2026-10-01,2026020012,NSH,home,8477021,Alexander Kerfoot,14,C,0,0,0,0,0,1,0,1,0.0,13:20,1,19,0,1
2026-10-01,2026020012,NSH,home,8480835,Jack Drury,18,C,0,0,0,0,2,1,0,0,0.461538,12:50,1,17,0,0
2026-10-01,2026020012,NSH,home,8481535,Nils Hoglander,21,L,0,0,0,0,0,0,0,0,1.0,10:32,0,11,0,0
2026-10-01,2026020012,NSH,home,8482145,Mavrik Bourque,22,C,0,0,0,0,2,3,0,4,0.666667,17:25,0,19,1,0
2026-10-01,2026020012,NSH,home,8483513,Reid Schaefer,49,L,0,0,0,-1,0,1,0,1,0.0,11:35,1,13,0,0
2026-10-01,2026020012,NSH,home,8484241,Matthew Wood,71,R,0,0,0,0,0,2,0,0,0.125,17:22,1,22,3,0
2026-10-01,2026020012,NSH,home,8479525,Ross Colton,79,C,0,0,0,0,0,6,0,2,0.0,12:15,0,16,1,0
2026-10-01,2026020012,NSH,home,8476539,Jonathan Marchessault,81,R,0,0,0,-1,2,0,0,0,0.0,17:20,0,21,0,0
2026-10-01,2026020012,NSH,home,8481726,Adam Edstrom,84,C,0,0,0,0,0,1,0,1,0.0,10:50,1,15,0,0
2026-10-01,2026020012,NSH,home,8475158,Ryan O'Reilly,90,C,0,0,0,0,0,2,0,4,0.590909,21:31,0,25,2,0
2026-10-01,2026020012,NSH,home,8474564,Steven Stamkos,91,C,0,1,1,0,0,1,0,1,0.714286,18:46,0,20,1,0
2026-10-01,2026020012,NSH,home,8482482,Adam Wilsby,2,D,0,0,0,0,0,0,0,0,0.0,16:05,3,19,2,0
2026-10-01,2026020012,NSH,home,8482715,Ryan Ufko,12,D,0,0,0,-1,0,0,0,1,0.0,15:27,1,18,1,0
2026-10-01,2026020012,NSH,home,8479980,Nicolas Hague,41,D,0,0,0,-1,0,2,0,0,0.0,15:23,0,17,0,0
2026-10-01,2026020012,NSH,home,8480246,Nick Perbix,48,D,0,0,0,-1,2,0,0,0,0.0,18:04,3,23,1,1
2026-10-01,2026020012,NSH,home,8474600,Roman Josi,59,D,1,0,1,0,0,2,0,3,0.0,24:53,0,23,2,0
2026-10-01,2026020012,NSH,home,8476869,Brady Skjei,76,D,0,0,0,0,0,2,0,0,0.0,20:53,1,24,1,1
2026-10-01,2026020012,MIN,away,8481553,Bobby Brink,10,R,0,1,1,0,0,1,0,2,0.0,11:37,0,14,0,0
2026-10-01,2026020012,MIN,away,8481557,Matt Boldy,12,L,0,0,0,0,2,0,0,5,0.0,21:28,0,19,1,0
2026-10-01,2026020012,MIN,away,8478508,Yakov Trenin,13,C,0,0,0,-1,0,2,0,0,0.0,12:44,0,15,1,0
2026-10-01,2026020012,MIN,away,8478493,Joel Eriksson Ek,14,C,0,0,0,1,0,1,0,3,0.454545,20:20,0,18,1,0
2026-10-01,2026020012,MIN,away,8475220,Marcus Foligno,17,L,0,0,0,1,0,2,0,1,0.0,12:16,0,15,0,0
2026-10-01,2026020012,MIN,away,8476399,Blake Coleman,20,L,1,0,1,0,2,1,1,2,0.0,13:44,1,20,2,1
2026-10-01,2026020012,MIN,away,8483525,Danila Yurov,22,R,0,1,1,0,0,2,0,1,1.0,12:29,0,18,1,0
2026-10-01,2026020012,MIN,away,8477451,Ryan Hartman,38,R,0,0,0,-1,2,1,0,0,0.5,12:54,0,16,2,0
2026-10-01,2026020012,MIN,away,8477446,Michael McCarron,47,C,0,1,1,1,0,6,0,4,0.533333,13:24,0,16,0,0
2026-10-01,2026020012,MIN,away,8485702,Maxim Shabanov,49,R,0,0,0,0,0,0,0,0,0.0,15:09,0,15,1,1
2026-10-01,2026020012,MIN,away,8473422,Nick Foligno,71,L,1,0,1,1,0,0,0,2,0.333333,12:29,0,16,0,0
2026-10-01,2026020012,MIN,away,8478864,Kirill Kaprizov,97,L,1,0,1,1,0,1,0,3,0.0,20:53,0,19,1,0
2026-10-01,2026020012,MIN,away,8476874,Olli Maatta,3,D,0,1,1,0,0,0,0,0,0.0,21:34,1,24,0,0
2026-10-01,2026020012,MIN,away,8474567,Zach Bogosian,24,D,0,0,0,-1,0,1,0,1,0.0,14:32,0,19,1,0
2026-10-01,2026020012,MIN,away,8476463,Jonas Brodin,25,D,0,0,0,0,0,0,0,0,0.0,20:28,6,25,1,0
2026-10-01,2026020012,MIN,away,8480800,Quinn Hughes,43,D,0,1,1,1,0,0,0,5,0.0,27:30,0,21,1,0
2026-10-01,2026020012,MIN,away,8474716,Jared Spurgeon,46,D,0,1,1,1,2,1,0,1,0.0,19:09,3,27,1,0
2026-10-01,2026020012,MIN,away,8482094,Daemon Hunt,48,D,0,0,0,1,0,1,0,0,0.0,10:06,0,14,0,0
2026-10-01,2026020014,CGY,home,8474150,Mikael Backlund,11,C,0,0,0,-1,0,1,0,1,0.52381,17:07,0,24,1,0
2026-10-01,2026020014,CGY,home,8480028,Morgan Frost,16,C,0,0,0,-2,0,0,0,2,0.777778,12:48,0,20,2,1
2026-10-01,2026020014,CGY,home,8481068,Yegor Sharangovich,17,C,0,1,1,-1,0,2,0,1,0.5,17:14,0,21,1,0
2026-10-01,2026020014,CGY,home,8476458,Ryan Strome,22,C,1,0,1,-1,0,0,0,4,0.333333,16:01,1,19,1,0
2026-10-01,2026020014,CGY,home,8482679,Matt Coronato,27,R,0,0,0,-2,0,0,0,1,0.666667,13:34,0,20,1,0
2026-10-01,2026020014,CGY,home,8484180,Samuel Honzek,29,L,0,0,0,-1,0,4,0,2,0.0,15:32,1,22,1,0
2026-10-01,2026020014,CGY,home,8483609,Adam Klapka,43,R,0,0,0,0,2,4,0,0,0.0,11:29,0,17,1,0
2026-10-01,2026020014,CGY,home,8482074,Connor Zary,47,C,0,1,1,-1,0,0,0,1,0.0,13:19,0,16,3,0
2026-10-01,2026020014,CGY,home,8484958,Maxim Tsyplakov,72,R,0,0,0,0,0,0,0,1,0.0,12:28,0,18,2,0
2026-10-01,2026020014,CGY,home,8481028,Martin Pospisil,76,C,0,0,0,0,2,4,0,2,0.375,12:40,0,21,0,0
2026-10-01,2026020014,CGY,home,8480797,Joel Farabee,86,L,0,0,0,-2,4,1,0,1,0.0,17:11,2,24,0,1
2026-10-01,2026020014,CGY,home,8484860,Matvei Gridin,92,R,0,0,0,-1,2,0,0,0,0.0,12:10,0,18,0,0
2026-10-01,2026020014,CGY,home,8480860,Kevin Bahl,7,D,0,0,0,0,2,0,0,1,0.0,21:07,1,27,0,0
2026-10-01,2026020014,CGY,home,8484768,Zayne Parekh,19,D,0,0,0,-3,0,1,0,1,0.0,17:47,1,21,1,0
2026-10-01,2026020014,CGY,home,8480727,Zach Whitecloud,28,D,0,0,0,-1,0,2,0,0,0.0,19:14,1,26,1,0
2026-10-01,2026020014,CGY,home,8482165,Yan Kuznetsov,37,D,0,0,0,-1,0,2,0,1,0.0,18:10,1,25,0,0
2026-10-01,2026020014,CGY,home,8478136,Jake Middleton,55,D,0,0,0,-2,0,3,0,2,0.0,20:55,0,23,0,0
2026-10-01,2026020014,CGY,home,8483495,Simon Nemec,71,D,0,0,0,-1,0,0,0,4,0.0,21:18,1,25,2,0
2026-10-01,2026020014,SEA,away,8474586,Jordan Eberle,7,R,1,0,1,1,0,0,1,4,0.0,17:52,0,23,1,0
2026-10-01,2026020014,SEA,away,8476905,Chandler Stephenson,9,C,1,0,1,1,0,0,0,2,0.5,16:59,0,24,0,1
2026-10-01,2026020014,SEA,away,8482665,Matty Beniers,10,C,1,1,2,2,0,2,0,1,0.411765,16:58,2,21,1,1
2026-10-01,2026020014,SEA,away,8477955,Jared McCann,19,L,0,3,3,2,0,0,0,4,0.0,17:54,0,23,0,0
2026-10-01,2026020014,SEA,away,8482751,Ryan Winterton,26,C,0,1,1,1,0,0,0,3,0.0,16:17,1,21,1,0
2026-10-01,2026020014,SEA,away,8484800,Berkly Catton,27,C,0,0,0,1,0,0,0,1,0.5,19:00,0,21,0,2
2026-10-01,2026020014,SEA,away,8480876,Curtis Douglas,42,C,0,0,0,0,0,4,0,0,0.0,05:58,0,9,0,0
2026-10-01,2026020014,SEA,away,8483524,Shane Wright,51,C,0,1,1,0,0,1,0,2,0.666667,15:55,1,21,0,2
2026-10-01,2026020014,SEA,away,8482874,Jacob Melanson,63,R,0,0,0,0,2,2,0,1,0.0,09:31,1,15,0,0
2026-10-01,2026020014,SEA,away,8482259,Bobby McMann,74,C,0,0,0,1,0,1,0,3,0.0,16:05,0,23,2,0
2026-10-01,2026020014,SEA,away,8481554,Kaapo Kakko,84,R,1,1,2,3,0,0,0,1,0.0,16:49,1,22,2,0
2026-10-01,2026020014,SEA,away,8477919,Frederick Gaudreau,89,C,1,0,1,0,0,1,0,2,0.545455,13:58,2,20,0,0
2026-10-01,2026020014,SEA,away,8476457,Adam Larsson,6,D,0,0,0,0,0,5,0,1,0.0,18:48,2,24,2,0
2026-10-01,2026020014,SEA,away,8479372,Josh Mahura,28,D,0,0,0,1,2,1,0,0,0.0,14:28,4,20,2,0
2026-10-01,2026020014,SEA,away,8478407,Vince Dunn,29,D,1,2,3,1,0,2,0,2,0.0,20:37,1,25,1,0
2026-10-01,2026020014,SEA,away,8482858,Ryker Evans,41,D,0,1,1,2,0,1,0,1,0.0,20:42,1,24,1,2
2026-10-01,2026020014,SEA,away,8479324,Ryan Lindgren,55,D,0,0,0,2,0,0,0,0,0.0,14:28,2,22,1,0
2026-10-01,2026020014,SEA,away,8477986,Brandon Montour,62,D,0,0,0,2,0,0,0,4,0.0,24:11,2,25,0,0
2026-10-01,2026020013,UTA,home,8477951,Nick Schmaltz,8,C,1,0,1,1,0,0,0,2,0.75,18:12,0,20,0,1
2026-10-01,2026020013,UTA,home,8479343,Clayton Keller,9,R,0,2,2,1,2,0,0,4,0.0,17:43,1,19,1,0
2026-10-01,2026020013,UTA,home,8482699,Dylan Guenther,11,R,2,0,2,1,0,0,2,5,1.0,14:33,0,22,2,1
2026-10-01,2026020013,UTA,home,8476389,Vincent Trocheck,16,C,0,1,1,1,0,6,0,1,0.785714,17:29,1,25,1,0
2026-10-01,2026020013,UTA,home,8480855,Jack McBain,22,C,0,0,0,0,2,3,0,0,1.0,13:26,0,22,0,2
2026-10-01,2026020013,UTA,home,8480849,Barrett Hayton,27,C,0,0,0,0,2,0,0,4,0.666667,13:49,1,21,1,0
2026-10-01,2026020013,UTA,home,8484388,Daniil But,50,L,1,0,1,1,0,3,0,1,0.5,12:08,0,16,1,0
2026-10-01,2026020013,UTA,home,8479619,Michael Carcone,53,L,1,1,2,2,0,6,0,2,0.0,12:40,0,18,0,0
2026-10-01,2026020013,UTA,home,8478474,Lawson Crouse,67,L,0,1,1,1,0,5,0,1,1.0,15:15,0,23,0,1
2026-10-01,2026020013,UTA,home,8475314,Anders Lee,72,L,1,0,1,1,0,1,0,4,0.0,12:07,1,19,0,0
2026-10-01,2026020013,UTA,home,8478831,Kevin Stenlund,82,C,0,1,1,2,0,0,0,0,0.75,12:58,1,21,2,1
2026-10-01,2026020013,UTA,home,8483431,Logan Cooley,92,C,0,1,1,1,0,4,0,0,0.7,16:07,1,24,1,1
2026-10-01,2026020013,UTA,home,8478507,John Marino,6,D,0,0,0,1,0,0,0,1,0.0,21:22,0,32,2,0
2026-10-01,2026020013,UTA,home,8479369,Andrew Peeke,20,D,0,1,1,2,2,2,0,0,0.0,17:05,2,26,3,1
2026-10-01,2026020013,UTA,home,8484386,Dmitri Simashev,26,D,0,1,1,3,0,0,0,2,0.0,16:34,0,22,0,0
2026-10-01,2026020013,UTA,home,8477346,MacKenzie Weegar,52,D,0,0,0,0,5,7,0,2,0.0,20:39,1,27,1,0
2026-10-01,2026020013,UTA,home,8477220,Nate Schmidt,88,D,0,1,1,1,0,2,0,0,0.0,18:56,0,32,0,1
2026-10-01,2026020013,UTA,home,8479410,Mikhail Sergachev,98,D,0,1,1,1,0,3,0,3,0.0,22:57,2,30,0,1
2026-10-01,2026020013,CHI,away,8477987,Ryan Donato,8,C,0,0,0,-1,5,1,0,0,0.0,11:54,0,15,1,0
2026-10-01,2026020013,CHI,away,8484197,Oliver Moore,11,C,0,0,0,-1,2,1,0,2,0.333333,11:25,0,15,0,0
2026-10-01,2026020013,CHI,away,8478413,Jordan Greenway,12,L,0,0,0,0,0,2,0,1,0.0,13:52,2,20,1,0
2026-10-01,2026020013,CHI,away,8485391,Anton Frondell,16,C,0,0,0,-2,0,2,0,3,0.133333,18:10,1,22,0,1
2026-10-01,2026020013,CHI,away,8483450,Ryan Greene,20,C,0,0,0,0,0,0,0,0,0.181818,17:04,1,23,1,0
2026-10-01,2026020013,CHI,away,8482062,Cole Smith,22,R,0,0,0,0,0,2,0,1,0.0,14:13,0,21,0,0
2026-10-01,2026020013,CHI,away,8477479,Tyler Bertuzzi,59,L,0,0,0,-1,0,0,0,2,0.0,18:15,0,21,2,0
2026-10-01,2026020013,CHI,away,8484185,Nick Lardis,76,L,0,0,0,-1,0,1,0,0,0.0,10:18,1,15,1,0
2026-10-01,2026020013,CHI,away,8484390,Roman Kantserov,80,R,0,0,0,-2,0,0,0,0,0.444444,16:36,0,21,0,0
2026-10-01,2026020013,CHI,away,8476882,Teuvo Teravainen,86,C,0,0,0,-2,0,0,0,1,0.0,13:00,0,19,0,0
2026-10-01,2026020013,CHI,away,8474141,Patrick Kane,88,R,0,0,0,-1,2,1,0,0,0.0,19:19,1,21,0,0
2026-10-01,2026020013,CHI,away,8483493,Frank Nazar,91,C,0,0,0,-1,2,1,0,0,0.428571,17:23,0,25,1,0
2026-10-01,2026020013,CHI,away,8483506,Sam Rinzel,6,D,0,0,0,-1,0,0,0,2,0.0,17:30,0,22,3,0
2026-10-01,2026020013,CHI,away,8481524,Bowen Byram,24,D,0,0,0,-2,0,0,0,0,0.0,24:49,1,25,1,0
2026-10-01,2026020013,CHI,away,8474013,Ian Cole,28,D,0,0,0,0,0,0,0,0,0.0,14:52,1,21,1,0
2026-10-01,2026020013,CHI,away,8482176,Wyatt Kaiser,44,D,0,0,0,-2,0,0,0,1,0.0,19:49,2,23,2,1
2026-10-01,2026020013,CHI,away,8484783,Artyom Levshunov,55,D,0,0,0,-1,2,1,0,1,0.0,19:51,0,21,0,1
2026-10-01,2026020013,CHI,away,8481568,Alex Vlasic,72,D,0,0,0,-2,0,0,0,1,0.0,18:18,1,21,2,1
2026-10-01,2026020015,VAN,home,8478444,Brock Boeser,6,R,1,1,2,1,0,2,0,2,0.0,18:38,0,24,6,0
2026-10-01,2026020015,VAN,home,8475848,Brendan Gallagher,7,R,0,0,0,-1,2,3,0,0,1.0,11:08,1,16,1,0
2026-10-01,2026020015,VAN,home,8483395,Arshdeep Bains,13,L,1,1,2,1,0,0,0,1,0.0,11:29,0,16,1,0
2026-10-01,2026020015,VAN,home,8482055,Drew O'Connor,18,L,0,0,0,-2,0,2,0,0,1.0,13:23,1,19,0,0
2026-10-01,2026020015,VAN,home,8482079,Marco Rossi,23,C,2,1,3,0,2,2,0,4,0.8,15:16,0,21,0,0
2026-10-01,2026020015,VAN,home,8480012,Elias Pettersson,40,C,1,2,3,0,0,8,1,2,0.5,17:36,0,23,0,1
2026-10-01,2026020015,VAN,home,8481032,Paul Cotter,47,L,1,1,2,1,0,5,0,1,0.642857,16:12,0,23,3,0
2026-10-01,2026020015,VAN,home,8484136,Max Sasson,63,C,0,0,0,-2,0,0,0,0,0.625,13:36,0,19,2,0
2026-10-01,2026020015,VAN,home,8478498,Jake DeBrusk,74,L,0,0,0,-1,2,1,0,4,0.0,15:37,0,22,1,0
2026-10-01,2026020015,VAN,home,8483476,Jonathan Lekkerimäki,88,R,0,1,1,1,0,0,0,1,0.0,12:04,0,18,0,1
2026-10-01,2026020015,VAN,home,8483499,Liam Ohgren,92,L,0,1,1,1,0,0,0,1,0.0,18:33,2,26,3,0
2026-10-01,2026020015,VAN,home,8481024,Linus Karlsson,94,C,0,0,0,-3,0,0,0,1,0.5,13:47,1,23,1,0
2026-10-01,2026020015,VAN,home,8474568,Luke Schenn,2,D,0,1,1,2,2,3,0,0,0.0,14:02,0,23,2,0
2026-10-01,2026020015,VAN,home,8476467,Jamie Oleksiak,4,D,1,1,2,1,2,2,0,1,0.0,21:19,2,25,4,0
2026-10-01,2026020015,VAN,home,8484240,Tom Willander,5,D,0,1,1,-1,0,0,0,0,0.0,21:11,1,28,0,1
2026-10-01,2026020015,VAN,home,8484798,Zeev Buium,8,D,0,0,0,-3,0,0,0,3,0.0,20:58,1,25,2,0
2026-10-01,2026020015,VAN,home,8479425,Filip Hronek,17,D,0,2,2,-2,0,0,0,1,0.0,23:02,3,32,1,0
2026-10-01,2026020015,VAN,home,8483678,Elias Pettersson,25,D,0,0,0,2,0,0,0,0,0.0,16:17,0,24,0,0
2026-10-01,2026020015,EDM,away,8479365,Trent Frederic,10,C,1,0,1,0,2,2,0,2,0.333333,10:55,1,16,1,0
2026-10-01,2026020015,EDM,away,8478472,Mathieu Joseph,21,R,0,1,1,0,0,5,0,2,0.0,15:07,2,26,1,1
2026-10-01,2026020015,EDM,away,8480029,Alex Formenton,26,L,0,0,0,0,0,1,0,0,0.0,16:15,1,27,1,0
2026-10-01,2026020015,EDM,away,8477934,Leon Draisaitl,29,C,2,1,3,3,0,0,1,5,0.3125,20:19,0,27,2,0
2026-10-01,2026020015,EDM,away,8482703,Colton Dach,34,C,0,0,0,-3,0,0,0,2,0.555556,12:46,1,20,0,0
2026-10-01,2026020015,EDM,away,8477953,Kasperi Kapanen,42,R,1,1,2,-2,0,1,0,1,0.0,18:48,1,26,2,0
2026-10-01,2026020015,EDM,away,8486161,Owen Michaels,43,R,1,0,1,-1,0,2,0,1,0.461538,13:23,0,26,1,0
2026-10-01,2026020015,EDM,away,8479368,Max Jones,46,L,0,0,0,-3,2,2,0,1,1.0,11:41,0,20,3,1
2026-10-01,2026020015,EDM,away,8483455,Isaac Howard,53,L,0,1,1,0,0,1,0,3,0.0,10:58,0,16,0,0
2026-10-01,2026020015,EDM,away,8484509,Josh Samanski,81,C,0,0,0,0,0,0,0,0,0.5,08:41,0,15,1,0
2026-10-01,2026020015,EDM,away,8481617,Vasily Podkolzin,92,R,1,1,2,3,0,2,1,4,0.0,18:04,0,28,0,1
2026-10-01,2026020015,EDM,away,8478402,Connor McDavid,97,C,1,4,5,4,0,0,0,3,0.307692,22:03,2,29,0,0
2026-10-01,2026020015,EDM,away,8480803,Evan Bouchard,2,D,1,2,3,3,0,1,0,4,0.0,24:21,0,31,1,0
2026-10-01,2026020015,EDM,away,8476473,Connor Murphy,5,D,0,0,0,0,0,1,0,1,0.0,24:47,6,31,2,0
2026-10-01,2026020015,EDM,away,8478854,Ryan Shea,6,D,1,0,1,3,0,1,0,1,0.0,23:05,0,29,0,0
2026-10-01,2026020015,EDM,away,8475218,Mattias Ekholm,14,D,0,0,0,3,0,1,0,0,0.0,20:42,0,26,1,0
2026-10-01,2026020015,EDM,away,8482166,Shakir Mukhamadullin,85,D,0,0,0,-4,0,0,0,0,0.0,10:01,2,15,1,0
2026-10-01,2026020015,EDM,away,8478013,Jake Walman,96,D,0,0,0,-3,2,0,0,1,0.0,13:02,1,21,1,0
2026-10-01,2026020016,SJS,home,8484227,Will Smith,2,C,2,1,3,2,0,1,1,3,0.0,20:09,0,24,2,0
2026-10-01,2026020016,SJS,home,8477505,Alexander Wennberg,21,C,0,0,0,1,0,1,0,3,0.555556,21:44,1,29,0,0
2026-10-01,2026020016,SJS,home,8476624,Barclay Goodrow,23,C,0,0,0,0,0,1,0,0,0.0,14:09,1,19,0,1
2026-10-01,2026020016,SJS,home,8478975,Mason Marchment,27,L,1,0,1,0,2,3,0,4,0.0,12:44,0,19,1,1
2026-10-01,2026020016,SJS,home,8486103,Ivar Stenberg,41,L,0,0,0,0,0,0,0,0,1.0,13:35,0,16,0,1
2026-10-01,2026020016,SJS,home,8480748,Kiefer Sherwood,44,L,0,0,0,0,4,8,0,1,0.0,14:01,0,20,1,0
2026-10-01,2026020016,SJS,home,8484911,Collin Graf,51,R,0,0,0,0,5,1,0,0,0.25,16:48,1,21,0,0
2026-10-01,2026020016,SJS,home,8482859,Zack Ostapchuk,63,C,0,0,0,0,0,0,0,0,0.0,11:29,2,18,1,0
2026-10-01,2026020016,SJS,home,8484801,Macklin Celebrini,71,C,0,3,3,1,0,0,0,7,0.5,22:57,1,25,1,1
2026-10-01,2026020016,SJS,home,8475726,Tyler Toffoli,73,C,0,0,0,-1,0,0,0,1,0.0,09:24,0,13,1,0
2026-10-01,2026020016,SJS,home,8485402,Michael Misa,77,C,0,0,0,-1,0,1,0,4,0.454545,11:34,0,16,1,0
2026-10-01,2026020016,SJS,home,8484994,Igor Chernyshov,92,L,0,0,0,-1,0,0,0,1,0.0,12:13,1,17,0,2
2026-10-01,2026020016,SJS,home,8482700,Nolan Allan,5,D,0,0,0,1,0,2,0,1,0.0,20:44,1,27,1,1
2026-10-01,2026020016,SJS,home,8480891,Michael Kesselring,7,D,0,0,0,0,0,0,0,1,0.0,19:46,1,26,2,0
2026-10-01,2026020016,SJS,home,8475200,Dmitry Orlov,9,D,0,0,0,-1,0,1,0,1,0.0,17:55,3,23,2,0
2026-10-01,2026020016,SJS,home,8477498,Darnell Nurse,25,D,0,0,0,0,4,2,0,0,0.0,17:07,5,24,2,1
2026-10-01,2026020016,SJS,home,8484152,Luca Cagnoni,42,D,1,1,2,1,2,0,0,3,0.0,21:17,3,24,2,1
2026-10-01,2026020016,SJS,home,8476885,Jacob Trouba,65,D,0,0,0,0,5,3,0,2,0.0,22:35,1,27,3,0
2026-10-01,2026020016,FLA,away,8480801,Brady Tkachuk,8,L,0,0,0,-2,5,5,0,4,1.0,19:37,1,24,0,0
2026-10-01,2026020016,FLA,away,8477935,Sam Bennett,9,C,0,1,1,0,2,3,0,1,0.5,20:49,0,25,2,0
2026-10-01,2026020016,FLA,away,8477933,Sam Reinhart,13,C,0,0,0,0,0,4,0,2,0.4,23:33,1,25,0,0
2026-10-01,2026020016,FLA,away,8478147,Bokondji Imama,14,L,0,0,0,0,0,5,0,0,0.0,05:16,0,8,0,0
2026-10-01,2026020016,FLA,away,8482113,Anton Lundell,15,C,0,1,1,-1,0,3,0,3,0.6875,20:43,0,27,1,0
2026-10-01,2026020016,FLA,away,8477493,Aleksander Barkov,16,C,0,0,0,0,0,1,0,1,0.5,09:15,1,11,0,0
2026-10-01,2026020016,FLA,away,8479314,Matthew Tkachuk,19,L,1,0,1,0,0,2,0,2,0.0,22:47,1,20,1,0
2026-10-01,2026020016,FLA,away,8474189,Lars Eller,20,C,0,1,1,0,0,1,0,2,0.533333,14:57,1,21,2,0
2026-10-01,2026020016,FLA,away,8477903,Garnet Hathaway,21,R,0,0,0,0,0,3,0,0,0.0,06:03,0,12,0,0
2026-10-01,2026020016,FLA,away,8477409,Carter Verhaeghe,23,C,0,0,0,0,0,1,0,0,0.0,17:14,0,23,0,0
2026-10-01,2026020016,FLA,away,8480185,Eetu Luostarinen,27,C,2,0,2,0,0,0,1,3,0.0,16:28,1,25,0,0
2026-10-01,2026020016,FLA,away,8483771,Sandis Vilmanis,95,L,0,0,0,0,0,4,0,2,0.0,12:19,0,17,1,0
2026-10-01,2026020016,FLA,away,8477495,Seth Jones,3,D,0,0,0,-1,2,0,0,2,0.0,27:43,1,28,1,1
2026-10-01,2026020016,FLA,away,8477932,Aaron Ekblad,5,D,0,1,1,-1,0,0,0,0,0.0,21:33,0,28,1,0
2026-10-01,2026020016,FLA,away,8475462,Radko Gudas,6,D,0,0,0,1,0,4,0,1,0.0,13:31,3,20,1,0
2026-10-01,2026020016,FLA,away,8475179,Dmitry Kulikov,7,D,0,1,1,1,0,1,0,0,0.0,17:28,1,22,1,0
2026-10-01,2026020016,FLA,away,8484304,Uvis Balinskis,26,D,0,0,0,0,7,3,0,1,0.0,12:52,1,19,0,0
2026-10-01,2026020016,FLA,away,8478859,Niko Mikkola,77,D,0,0,0,0,2,1,0,2,0.0,22:42,0,29,4,2
