game_id,sakums_utc,home_team,away_team,loma,vards,atjaunots_utc,avots
2026020022,2026-10-03T23:00:00Z,BUF,CHI,referee,Frederick L’Ecuyer,2026-10-03 22:13,ScoutingTheRefs
2026020022,2026-10-03T23:00:00Z,BUF,CHI,referee,Cody Beach,2026-10-03 22:13,ScoutingTheRefs
2026020022,2026-10-03T23:00:00Z,BUF,CHI,linesman,Scott Cherrey,2026-10-03 22:13,ScoutingTheRefs
2026020022,2026-10-03T23:00:00Z,BUF,CHI,linesman,Anthony Lapointe,2026-10-03 22:13,ScoutingTheRefs
2026020023,2026-10-03T23:00:00Z,TOR,OTT,referee,Peter MacDougall,2026-10-03 22:13,ScoutingTheRefs
2026020023,2026-10-03T23:00:00Z,TOR,OTT,referee,Furman South,2026-10-03 22:13,ScoutingTheRefs
2026020023,2026-10-03T23:00:00Z,TOR,OTT,linesman,James Tobias,2026-10-03 22:13,ScoutingTheRefs
2026020023,2026-10-03T23:00:00Z,TOR,OTT,linesman,Ryan Daisy,2026-10-03 22:13,ScoutingTheRefs
2026020024,2026-10-03T23:00:00Z,TBL,WSH,referee,Kendrick Nicholson,2026-10-03 22:13,ScoutingTheRefs
2026020024,2026-10-03T23:00:00Z,TBL,WSH,referee,Jake Brenk,2026-10-03 22:13,ScoutingTheRefs
2026020024,2026-10-03T23:00:00Z,TBL,WSH,linesman,Kyle Flemington,2026-10-03 22:13,ScoutingTheRefs
2026020024,2026-10-03T23:00:00Z,TBL,WSH,linesman,Dylan Blujus,2026-10-03 22:13,ScoutingTheRefs
2026020025,2026-10-03T23:00:00Z,PHI,CAR,referee,Wes McCauley,2026-10-03 22:13,ScoutingTheRefs
2026020025,2026-10-03T23:00:00Z,PHI,CAR,referee,Morgan MacPhee,2026-10-03 22:13,ScoutingTheRefs
2026020025,2026-10-03T23:00:00Z,PHI,CAR,linesman,Jonathan Deschamps,2026-10-03 22:13,ScoutingTheRefs
2026020025,2026-10-03T23:00:00Z,PHI,CAR,linesman,Tyson Baker,2026-10-03 22:13,ScoutingTheRefs
2026020026,2026-10-03T23:00:00Z,PIT,MTL,referee,Trevor Hanson,2026-10-03 22:13,ScoutingTheRefs
2026020026,2026-10-03T23:00:00Z,PIT,MTL,referee,Liam Maaskant,2026-10-03 22:13,ScoutingTheRefs
2026020026,2026-10-03T23:00:00Z,PIT,MTL,linesman,David Brisebois,2026-10-03 22:13,ScoutingTheRefs
2026020026,2026-10-03T23:00:00Z,PIT,MTL,linesman,Jesse Marquis,2026-10-03 22:13,ScoutingTheRefs
2026020027,2026-10-03T23:00:00Z,CBJ,UTA,referee,Brandon Schrader,2026-10-03 22:13,ScoutingTheRefs
2026020027,2026-10-03T23:00:00Z,CBJ,UTA,referee,Kelly Sutherland,2026-10-03 22:13,ScoutingTheRefs
2026020027,2026-10-03T23:00:00Z,CBJ,UTA,linesman,Kilian McNamara,2026-10-03 22:13,ScoutingTheRefs
2026020027,2026-10-03T23:00:00Z,CBJ,UTA,linesman,CJ Murray,2026-10-03 22:13,ScoutingTheRefs
2026020028,2026-10-03T23:00:00Z,EDM,SEA,referee,Pierre Lambert,2026-10-03 22:13,ScoutingTheRefs
2026020028,2026-10-03T23:00:00Z,EDM,SEA,referee,Brandon Blandina,2026-10-03 22:13,ScoutingTheRefs
2026020028,2026-10-03T23:00:00Z,EDM,SEA,linesman,Mark Shewchyk,2026-10-03 22:13,ScoutingTheRefs
2026020028,2026-10-03T23:00:00Z,EDM,SEA,linesman,Jeremy Faucher,2026-10-03 22:13,ScoutingTheRefs
2026020029,2026-10-03T23:30:00Z,NYI,NJD,referee,Jean Hebert,2026-10-03 22:13,ScoutingTheRefs
2026020029,2026-10-03T23:30:00Z,NYI,NJD,referee,Graedy Hamilton,2026-10-03 22:13,ScoutingTheRefs
2026020029,2026-10-03T23:30:00Z,NYI,NJD,linesman,Caleb Apperson,2026-10-03 22:13,ScoutingTheRefs
2026020029,2026-10-03T23:30:00Z,NYI,NJD,linesman,Travis Gawryletz,2026-10-03 22:13,ScoutingTheRefs
2026020030,2026-10-04T00:00:00Z,NSH,DAL,referee,Beau Halkidis,2026-10-03 22:13,ScoutingTheRefs
2026020030,2026-10-04T00:00:00Z,NSH,DAL,referee,Garrett Rank,2026-10-03 22:13,ScoutingTheRefs
2026020030,2026-10-04T00:00:00Z,NSH,DAL,linesman,Shandor Alphonso,2026-10-03 22:13,ScoutingTheRefs
2026020030,2026-10-04T00:00:00Z,NSH,DAL,linesman,Ryan Jackson,2026-10-03 22:13,ScoutingTheRefs
2026020031,2026-10-04T00:00:00Z,MIN,BOS,referee,Carter Sandlak,2026-10-03 22:13,ScoutingTheRefs
2026020031,2026-10-04T00:00:00Z,MIN,BOS,referee,Francois St-Laurent,2026-10-03 22:13,ScoutingTheRefs
2026020031,2026-10-04T00:00:00Z,MIN,BOS,linesman,Ben O’Quinn,2026-10-03 22:13,ScoutingTheRefs
2026020031,2026-10-04T00:00:00Z,MIN,BOS,linesman,Brandon Gawryletz,2026-10-03 22:13,ScoutingTheRefs
2026020032,2026-10-04T01:00:00Z,COL,STL,referee,T.J. Luxmore,2026-10-03 22:13,ScoutingTheRefs
2026020032,2026-10-04T01:00:00Z,COL,STL,referee,Stephen Hiff,2026-10-03 22:13,ScoutingTheRefs
2026020032,2026-10-04T01:00:00Z,COL,STL,linesman,Jonny Murray,2026-10-03 22:13,ScoutingTheRefs
2026020032,2026-10-04T01:00:00Z,COL,STL,linesman,Joe Mahon,2026-10-03 22:13,ScoutingTheRefs
2026020033,2026-10-04T02:00:00Z,VAN,CGY,referee,Jordan Samuels-Thomas,2026-10-03 22:13,ScoutingTheRefs
2026020033,2026-10-04T02:00:00Z,VAN,CGY,referee,Tom Chmielewski,2026-10-03 22:13,ScoutingTheRefs
2026020033,2026-10-04T02:00:00Z,VAN,CGY,linesman,Andrew Smith,2026-10-03 22:13,ScoutingTheRefs
2026020033,2026-10-04T02:00:00Z,VAN,CGY,linesman,Trent Knorr,2026-10-03 22:13,ScoutingTheRefs
2026020034,2026-10-04T02:00:00Z,SJS,LAK,referee,Michael Markovic,2026-10-03 22:13,ScoutingTheRefs
2026020034,2026-10-04T02:00:00Z,SJS,LAK,referee,Chris Schlenker,2026-10-03 22:13,ScoutingTheRefs
2026020034,2026-10-04T02:00:00Z,SJS,LAK,linesman,Tommy Hughes,2026-10-03 22:13,ScoutingTheRefs
2026020034,2026-10-04T02:00:00Z,SJS,LAK,linesman,Travis Toomey,2026-10-03 22:13,ScoutingTheRefs
2026020036,2026-10-04T22:00:00Z,NYR,UTA,referee,Cody Beach,2026-10-04 18:12,ScoutingTheRefs
2026020036,2026-10-04T22:00:00Z,NYR,UTA,referee,Jean Hebert,2026-10-04 18:12,ScoutingTheRefs
2026020036,2026-10-04T22:00:00Z,NYR,UTA,linesman,Jonathan Deschamps,2026-10-04 18:12,ScoutingTheRefs
2026020036,2026-10-04T22:00:00Z,NYR,UTA,linesman,Caleb Apperson,2026-10-04 18:12,ScoutingTheRefs
2026020037,2026-10-05T00:00:00Z,ANA,FLA,referee,Michael Markovic,2026-10-04 18:12,ScoutingTheRefs
2026020037,2026-10-05T00:00:00Z,ANA,FLA,referee,Chris Schlenker,2026-10-04 18:12,ScoutingTheRefs
2026020037,2026-10-05T00:00:00Z,ANA,FLA,linesman,Tommy Hughes,2026-10-04 18:12,ScoutingTheRefs
2026020037,2026-10-05T00:00:00Z,ANA,FLA,linesman,Travis Toomey,2026-10-04 18:12,ScoutingTheRefs
2026020038,2026-10-05T00:00:00Z,SEA,CGY,referee,Jordan Samuels-Thomas,2026-10-04 18:12,ScoutingTheRefs
2026020038,2026-10-05T00:00:00Z,SEA,CGY,referee,Tom Chmielewski,2026-10-04 18:12,ScoutingTheRefs
2026020038,2026-10-05T00:00:00Z,SEA,CGY,linesman,Dan Kelly,2026-10-04 18:12,ScoutingTheRefs
2026020038,2026-10-05T00:00:00Z,SEA,CGY,linesman,Trent Knorr,2026-10-04 18:12,ScoutingTheRefs
2026020039,2026-10-05T01:00:00Z,VAN,VGK,referee,Pierre Lambert,2026-10-04 18:12,ScoutingTheRefs
2026020039,2026-10-05T01:00:00Z,VAN,VGK,referee,Brandon Blandina,2026-10-04 18:12,ScoutingTheRefs
2026020039,2026-10-05T01:00:00Z,VAN,VGK,linesman,Andrew Smith,2026-10-04 18:12,ScoutingTheRefs
2026020039,2026-10-05T01:00:00Z,VAN,VGK,linesman,Jeremy Faucher,2026-10-04 18:12,ScoutingTheRefs
