datums,game_id,team,home_away,playerId,vards,numurs,pozicija,starter,decision,toi,shotsAgainst,saves,goalsAgainst,savePctg,evenStrengthShotsAgainst,powerPlayShotsAgainst,shorthandedShotsAgainst,saveShotsAgainst,evenStrengthGoalsAgainst,powerPlayGoalsAgainst,shorthandedGoalsAgainst,pim
2026-09-30,2026020006,PHI,home,8479361,Joseph Woll,53,G,False,,00:00,0,0,0,,0/0,0/0,0/0,0/0,0,0,0,0
2026-09-30,2026020006,PHI,home,8478435,Dan Vladar,80,G,True,L,59:41,38,31,7,0.815789,27/31,4/6,0/1,31/38,4,2,1,0
2026-09-30,2026020006,PIT,away,8483703,Sergei Murashov,1,G,False,,00:00,0,0,0,,0/0,0/0,0/0,0/0,0,0,0,0
2026-09-30,2026020006,PIT,away,8481668,Arturs Silovs,37,G,True,W,60:00,19,19,0,1.0,11/11,6/6,2/2,19/19,0,0,0,0
2026-09-30,2026020008,TOR,home,8476932,Anthony Stolarz,41,G,True,W,58:22,27,26,1,0.962963,23/23,2/2,1/2,26/27,0,0,1,0
2026-09-30,2026020008,TOR,home,8475683,Sergei Bobrovsky,72,G,False,,00:00,0,0,0,,0/0,0/0,0/0,0/0,0,0,0,0
2026-09-30,2026020008,NYI,away,8478009,Ilya Sorokin,30,G,True,L,57:56,26,24,2,0.923077,19/20,5/6,0/0,24/26,1,1,0,0
2026-09-30,2026020008,NYI,away,8473575,Semyon Varlamov,40,G,False,,00:00,0,0,0,,0/0,0/0,0/0,0/0,0,0,0,0
2026-09-30,2026020007,COL,home,8478406,Mackenzie Blackwood,39,G,True,W,60:00,31,27,4,0.870968,23/25,4/4,0/2,27/31,2,0,2,0
2026-09-30,2026020007,COL,home,8475809,Scott Wedgewood,41,G,False,,00:00,0,0,0,,0/0,0/0,0/0,0/0,0,0,0,0
2026-09-30,2026020007,LAK,away,8476341,Anton Forsberg,31,G,False,,00:00,0,0,0,,0/0,0/0,0/0,0/0,0,0,0,0
2026-09-30,2026020007,LAK,away,8475311,Darcy Kuemper,35,G,True,L,59:25,29,21,8,0.724138,18/22,3/7,0/0,21/29,4,4,0,0
2026-10-01,2026020009,NJD,home,8474596,Jake Allen,34,G,True,W,63:23,25,23,2,0.92,22/24,1/1,0/0,23/25,2,0,0,0
2026-10-01,2026020009,NJD,home,8482076,Nico Daws,50,G,False,,00:00,0,0,0,,0/0,0/0,0/0,0/0,0,0,0,0
2026-10-01,2026020009,PHI,away,8479361,Joseph Woll,53,G,True,O,62:49,44,41,3,0.931818,33/36,8/8,0/0,41/44,3,0,0,0
2026-10-01,2026020009,PHI,away,8478435,Dan Vladar,80,G,False,,00:00,0,0,0,,0/0,0/0,0/0,0/0,0,0,0,0
2026-10-01,2026020010,NYR,home,8478048,Igor Shesterkin,31,G,True,W,60:00,25,24,1,0.96,16/17,8/8,0/0,24/25,1,0,0,0
2026-10-01,2026020010,NYR,home,8482193,Dylan Garand,33,G,False,,00:00,0,0,0,,0/0,0/0,0/0,0/0,0,0,0,0
2026-10-01,2026020010,TBL,away,8483710,Dennis Hildeby,35,G,False,,00:00,0,0,0,,0/0,0/0,0/0,0/0,0,0,0,0
2026-10-01,2026020010,TBL,away,8476883,Andrei Vasilevskiy,88,G,True,L,55:52,24,20,4,0.833333,18/21,2/3,0/0,20/24,3,1,0,0
2026-10-01,2026020011,CBJ,home,8475660,Cam Talbot,33,G,False,,00:00,0,0,0,,0/0,0/0,0/0,0/0,0,0,0,0
2026-10-01,2026020011,CBJ,home,8482982,Jet Greaves,73,G,True,W,60:00,26,23,3,0.884615,17/20,5/5,1/1,23/26,3,0,0,0
2026-10-01,2026020011,BUF,away,8480045,Ukko-Pekka Luukkonen,1,G,True,L,59:08,22,17,5,0.772727,12/15,4/6,1/1,17/22,3,2,0,0
2026-10-01,2026020011,BUF,away,8481551,Colten Ellis,92,G,False,,00:00,0,0,0,,0/0,0/0,0/0,0/0,0,0,0,0
2026-10-01,2026020012,NSH,home,8481020,Justus Annunen,29,G,False,,00:00,0,0,0,,0/0,0/0,0/0,0/0,0,0,0,0
2026-10-01,2026020012,NSH,home,8477424,Juuse Saros,74,G,True,L,58:19,30,27,3,0.9,18/20,7/8,2/2,27/30,2,1,0,0
2026-10-01,2026020012,MIN,away,8482661,Jesper Wallstedt,30,G,True,W,59:14,20,19,1,0.95,14/15,5/5,0/0,19/20,1,0,0,0
2026-10-01,2026020012,MIN,away,8475717,Calvin Pickard,31,G,False,,00:00,0,0,0,,0/0,0/0,0/0,0/0,0,0,0,0
2026-10-01,2026020014,CGY,home,8482445,Devin Cooley,1,G,False,,00:00,0,0,0,,0/0,0/0,0/0,0/0,0,0,0,0
2026-10-01,2026020014,CGY,home,8481692,Dustin Wolf,32,G,True,L,59:50,32,26,6,0.8125,21/26,5/6,0/0,26/32,5,1,0,0
2026-10-01,2026020014,SEA,away,8475831,Philipp Grubauer,31,G,False,,00:00,0,0,0,,0/0,0/0,0/0,0/0,0,0,0,0
2026-10-01,2026020014,SEA,away,8478916,Joey Daccord,35,G,True,W,59:30,25,24,1,0.96,22/23,0/0,2/2,24/25,1,0,0,0
2026-10-01,2026020013,UTA,home,8482657,Sebastian Cossa,33,G,False,,00:00,0,0,0,,0/0,0/0,0/0,0/0,0,0,0,0
2026-10-01,2026020013,UTA,home,8478872,Karel Vejmelka,70,G,True,W,60:00,15,15,0,1.0,14/14,1/1,0/0,15/15,0,0,0,0
2026-10-01,2026020013,CHI,away,8481519,Spencer Knight,30,G,False,,00:00,0,0,0,,0/0,0/0,0/0,0/0,0,0,0,0
2026-10-01,2026020013,CHI,away,8482821,Arvid Soderblom,40,G,True,L,60:00,32,26,6,0.8125,24/28,1/3,1/1,26/32,4,2,0,0
2026-10-01,2026020015,VAN,home,8482447,Leevi Meriläinen,31,G,False,,30:41,11,10,1,0.909091,6/6,4/5,0/0,10/11,0,1,0,0
2026-10-01,2026020015,VAN,home,8480947,Kevin Lankinen,32,G,True,L,28:23,20,13,8,0.65,10/14,3/4,0/2,13/20,5,1,2,0
2026-10-01,2026020015,EDM,away,8482221,Devon Levi,27,G,True,W,59:51,22,15,7,0.681818,12/18,3/4,0/0,15/22,6,1,0,0
2026-10-01,2026020015,EDM,away,8477465,Tristan Jarry,35,G,False,,00:00,0,0,0,,0/0,0/0,0/0,0/0,0,0,0,0
2026-10-01,2026020016,SJS,home,8482137,Yaroslav Askarov,30,G,True,W,63:14,26,23,3,0.884615,15/17,8/9,0/0,23/26,2,1,0,0
2026-10-01,2026020016,SJS,home,8477968,Alex Nedeljkovic,33,G,False,,00:00,0,0,0,,0/0,0/0,0/0,0/0,0,0,0,0
2026-10-01,2026020016,FLA,away,8474593,Jacob Markstrom,25,G,False,,00:00,0,0,0,,0/0,0/0,0/0,0/0,0,0,0,0
2026-10-01,2026020016,FLA,away,8481033,Akira Schmid,40,G,True,O,63:14,32,28,4,0.875,19/21,7/8,2/3,28/32,2,1,1,0
