datums,game_id,statuss,majas_komanda,viesu_komanda,sakuma_laiks_utc
2026-10-04,2026020035,LIVE,DET,WPG,2026-10-04T17:00:00Z
2026-10-04,2026020036,FUT,NYR,UTA,2026-10-04T22:00:00Z
2026-10-04,2026020037,FUT,ANA,FLA,2026-10-05T00:00:00Z
2026-10-04,2026020038,FUT,SEA,CGY,2026-10-05T00:00:00Z
2026-10-04,2026020039,FUT,VAN,VGK,2026-10-05T01:00:00Z
2026-10-05,2026020040,FUT,TBL,PHI,2026-10-05T23:00:00Z
2026-10-05,2026020041,FUT,BOS,OTT,2026-10-05T23:30:00Z
2026-10-05,2026020042,FUT,PIT,WPG,2026-10-05T23:30:00Z
2026-10-05,2026020043,FUT,DAL,SJS,2026-10-06T00:00:00Z
2026-10-06,2026020044,FUT,TOR,NSH,2026-10-06T23:00:00Z
2026-10-06,2026020045,FUT,MTL,CAR,2026-10-06T23:00:00Z
2026-10-06,2026020046,FUT,DET,OTT,2026-10-06T23:00:00Z
2026-10-06,2026020047,FUT,NJD,UTA,2026-10-06T23:00:00Z
2026-10-06,2026020049,FUT,BUF,MIN,2026-10-06T23:00:00Z
2026-10-06,2026020048,FUT,NYR,NYI,2026-10-06T23:30:00Z
2026-10-06,2026020050,FUT,CHI,STL,2026-10-07T00:00:00Z
2026-10-06,2026020051,FUT,SEA,VGK,2026-10-07T01:40:00Z
2026-10-06,2026020052,FUT,LAK,FLA,2026-10-07T02:00:00Z
2026-10-07,2026020053,FUT,WSH,PIT,2026-10-07T23:30:00Z
2026-10-07,2026020054,FUT,WPG,COL,2026-10-07T23:30:00Z
2026-10-07,2026020055,FUT,ANA,EDM,2026-10-08T02:00:00Z
2026-10-08,2026020056,FUT,BOS,UTA,2026-10-08T23:00:00Z
2026-10-08,2026020057,FUT,BUF,DAL,2026-10-08T23:00:00Z
2026-10-08,2026020058,FUT,MTL,NSH,2026-10-08T23:00:00Z
2026-10-08,2026020059,FUT,OTT,PHI,2026-10-08T23:00:00Z
2026-10-08,2026020060,FUT,TBL,MIN,2026-10-08T23:00:00Z
2026-10-08,2026020061,FUT,CAR,VAN,2026-10-08T23:00:00Z
2026-10-08,2026020062,FUT,NYI,CHI,2026-10-08T23:30:00Z
2026-10-08,2026020063,FUT,STL,SJS,2026-10-09T00:00:00Z
2026-10-08,2026020064,FUT,CGY,COL,2026-10-09T01:00:00Z
2026-10-08,2026020065,FUT,VGK,TOR,2026-10-09T02:00:00Z
2026-10-09,2026020066,FUT,DET,SEA,2026-10-09T23:00:00Z
2026-10-09,2026020067,FUT,WSH,NYR,2026-10-09T23:00:00Z
2026-10-09,2026020068,FUT,CBJ,PIT,2026-10-09T23:00:00Z
2026-10-09,2026020069,FUT,WPG,ANA,2026-10-10T00:00:00Z
2026-10-10,2026020070,FUT,BOS,PHI,2026-10-10T17:00:00Z
2026-10-10,2026020071,FUT,NJD,VAN,2026-10-10T19:30:00Z
2026-10-10,2026020072,FUT,SJS,EDM,2026-10-10T20:00:00Z
2026-10-10,2026020073,FUT,FLA,MIN,2026-10-10T22:00:00Z
2026-10-10,2026020074,FUT,BUF,UTA,2026-10-10T23:00:00Z
2026-10-10,2026020075,FUT,MTL,DET,2026-10-10T23:00:00Z
2026-10-10,2026020076,FUT,OTT,NSH,2026-10-10T23:00:00Z
2026-10-10,2026020077,FUT,PIT,DAL,2026-10-10T23:00:00Z
2026-10-10,2026020078,FUT,CHI,CAR,2026-10-10T23:00:00Z
2026-10-10,2026020079,FUT,STL,CBJ,2026-10-10T23:00:00Z
2026-10-10,2026020080,FUT,COL,TOR,2026-10-10T23:00:00Z
2026-10-10,2026020081,FUT,NYI,TBL,2026-10-10T23:30:00Z
2026-10-10,2026020082,FUT,CGY,ANA,2026-10-11T02:00:00Z
2026-10-10,2026020083,FUT,VGK,LAK,2026-10-11T02:00:00Z
2026-10-11,2026020084,FUT,WSH,SEA,2026-10-11T21:00:00Z
2026-10-11,2026020085,FUT,NYR,VAN,2026-10-11T22:00:00Z
2026-10-11,2026020086,FUT,PHI,CAR,2026-10-11T23:00:00Z
2026-10-12,2026020087,FUT,BUF,FLA,2026-10-12T17:00:00Z
2026-10-12,2026020088,FUT,NJD,OTT,2026-10-12T23:00:00Z
2026-10-12,2026020089,FUT,MIN,VGK,2026-10-13T00:00:00Z
2026-10-13,2026020090,FUT,DET,NJD,2026-10-13T22:00:00Z
2026-10-13,2026020091,FUT,CBJ,FLA,2026-10-13T22:15:00Z
2026-10-13,2026020092,FUT,MTL,BUF,2026-10-13T22:30:00Z
2026-10-13,2026020093,FUT,CAR,WSH,2026-10-13T22:45:00Z
2026-10-13,2026020094,FUT,PHI,SEA,2026-10-13T23:00:00Z
2026-10-13,2026020095,FUT,NYR,TBL,2026-10-13T23:15:00Z
2026-10-13,2026020096,FUT,OTT,STL,2026-10-13T23:30:00Z
2026-10-13,2026020097,FUT,NYI,VAN,2026-10-13T23:45:00Z
2026-10-13,2026020098,FUT,CHI,PIT,2026-10-14T00:00:00Z
2026-10-13,2026020099,FUT,WPG,MIN,2026-10-14T00:15:00Z
2026-10-13,2026020100,FUT,DAL,COL,2026-10-14T00:30:00Z
2026-10-13,2026020101,FUT,NSH,VGK,2026-10-14T00:45:00Z
2026-10-13,2026020102,FUT,UTA,TOR,2026-10-14T01:00:00Z
2026-10-13,2026020103,FUT,ANA,CGY,2026-10-14T01:45:00Z
2026-10-13,2026020104,FUT,LAK,EDM,2026-10-14T02:30:00Z
2026-10-13,2026020105,FUT,SJS,BOS,2026-10-14T03:00:00Z
2026-10-14,2026020106,FUT,WSH,MTL,2026-10-14T23:30:00Z
2026-10-14,2026020107,FUT,COL,DAL,2026-10-15T00:30:00Z
2026-10-15,2026020108,FUT,TOR,BUF,2026-10-15T23:00:00Z
2026-10-15,2026020109,FUT,OTT,NYI,2026-10-15T23:00:00Z
2026-10-15,2026020111,FUT,TBL,SEA,2026-10-15T23:00:00Z
2026-10-15,2026020112,FUT,FLA,VAN,2026-10-15T23:00:00Z
2026-10-15,2026020113,FUT,NJD,NYR,2026-10-15T23:00:00Z
2026-10-15,2026020110,FUT,DET,PHI,2026-10-15T23:30:00Z
2026-10-15,2026020114,FUT,CHI,WPG,2026-10-16T00:00:00Z
2026-10-15,2026020115,FUT,NSH,SJS,2026-10-16T00:00:00Z
2026-10-15,2026020116,FUT,MIN,STL,2026-10-16T00:00:00Z
2026-10-15,2026020117,FUT,EDM,UTA,2026-10-16T01:00:00Z
2026-10-15,2026020118,FUT,VGK,CGY,2026-10-16T02:00:00Z
2026-10-16,2026020119,FUT,COL,PIT,2026-10-17T01:00:00Z
2026-10-16,2026020120,FUT,ANA,BOS,2026-10-17T02:00:00Z
2026-10-17,2026020121,FUT,WSH,NJD,2026-10-17T17:00:00Z
2026-10-17,2026020122,FUT,WPG,CAR,2026-10-17T19:30:00Z
2026-10-17,2026020123,FUT,TBL,VAN,2026-10-17T20:00:00Z
2026-10-17,2026020124,FUT,FLA,SEA,2026-10-17T22:00:00Z
2026-10-17,2026020125,FUT,TOR,NYI,2026-10-17T23:00:00Z
2026-10-17,2026020126,FUT,MTL,BUF,2026-10-17T23:00:00Z
2026-10-17,2026020127,FUT,DET,SJS,2026-10-17T23:00:00Z
2026-10-17,2026020128,FUT,PHI,OTT,2026-10-17T23:00:00Z
2026-10-17,2026020129,FUT,CBJ,NYR,2026-10-17T23:00:00Z
2026-10-17,2026020130,FUT,CHI,DAL,2026-10-17T23:00:00Z
2026-10-17,2026020131,FUT,NSH,STL,2026-10-18T00:00:00Z
2026-10-17,2026020132,FUT,LAK,BOS,2026-10-18T01:00:00Z
2026-10-17,2026020133,FUT,UTA,EDM,2026-10-18T02:00:00Z
2026-10-17,2026020134,FUT,VGK,PIT,2026-10-18T02:00:00Z
2026-10-18,2026020135,FUT,MIN,CBJ,2026-10-18T22:00:00Z
2026-10-18,2026020136,FUT,CGY,CAR,2026-10-19T00:00:00Z
2026-10-19,2026020137,FUT,NYR,ANA,2026-10-19T23:00:00Z
2026-10-19,2026020138,FUT,PHI,COL,2026-10-19T23:00:00Z
2026-10-19,2026020139,FUT,TOR,SJS,2026-10-19T23:30:00Z
2026-10-19,2026020140,FUT,UTA,PIT,2026-10-20T01:00:00Z
2026-10-20,2026020141,FUT,MTL,SJS,2026-10-20T23:00:00Z
2026-10-20,2026020142,FUT,NJD,COL,2026-10-20T23:00:00Z
2026-10-20,2026020143,FUT,NYI,ANA,2026-10-20T23:00:00Z
2026-10-20,2026020144,FUT,WSH,LAK,2026-10-20T23:00:00Z
2026-10-20,2026020145,FUT,CBJ,TOR,2026-10-20T23:00:00Z
2026-10-20,2026020146,FUT,STL,WPG,2026-10-21T00:00:00Z
2026-10-20,2026020147,FUT,DAL,BOS,2026-10-21T00:00:00Z
2026-10-20,2026020148,FUT,EDM,MIN,2026-10-21T01:00:00Z
2026-10-20,2026020149,FUT,SEA,DET,2026-10-21T01:40:00Z
2026-10-20,2026020150,FUT,VAN,CAR,2026-10-21T02:00:00Z
2026-10-20,2026020151,FUT,VGK,TBL,2026-10-21T02:30:00Z
2026-10-21,2026020152,FUT,BUF,PHI,2026-10-21T23:30:00Z
2026-10-21,2026020153,FUT,OTT,FLA,2026-10-21T23:30:00Z
2026-10-22,2026020154,FUT,BOS,NSH,2026-10-22T23:00:00Z
2026-10-22,2026020155,FUT,TOR,NYR,2026-10-22T23:00:00Z
2026-10-22,2026020156,FUT,OTT,SJS,2026-10-22T23:00:00Z
2026-10-22,2026020157,FUT,NJD,ANA,2026-10-22T23:00:00Z
2026-10-22,2026020158,FUT,PIT,FLA,2026-10-22T23:00:00Z
2026-10-22,2026020159,FUT,NYI,LAK,2026-10-22T23:30:00Z
2026-10-22,2026020160,FUT,STL,VGK,2026-10-23T00:00:00Z
2026-10-22,2026020161,FUT,DAL,WPG,2026-10-23T00:00:00Z
2026-10-22,2026020162,FUT,CGY,MIN,2026-10-23T01:00:00Z
2026-10-22,2026020163,FUT,EDM,CAR,2026-10-23T01:00:00Z
2026-10-22,2026020164,FUT,SEA,UTA,2026-10-23T02:00:00Z
2026-10-22,2026020165,FUT,VAN,DET,2026-10-23T02:00:00Z
2026-10-23,2026020166,FUT,CHI,MTL,2026-10-24T00:00:00Z
2026-10-23,2026020167,FUT,COL,TBL,2026-10-24T01:00:00Z
2026-10-24,2026020168,FUT,PHI,ANA,2026-10-24T17:00:00Z
2026-10-24,2026020169,FUT,NJD,LAK,2026-10-24T19:30:00Z
2026-10-24,2026020170,FUT,BOS,SJS,2026-10-24T23:00:00Z
2026-10-24,2026020171,FUT,OTT,NYR,2026-10-24T23:00:00Z
2026-10-24,2026020172,FUT,PIT,NSH,2026-10-24T23:00:00Z
2026-10-24,2026020173,FUT,WSH,BUF,2026-10-24T23:00:00Z
2026-10-24,2026020174,FUT,CBJ,VGK,2026-10-24T23:00:00Z
2026-10-24,2026020175,FUT,STL,CAR,2026-10-24T23:00:00Z
2026-10-24,2026020176,FUT,EDM,TOR,2026-10-24T23:00:00Z
2026-10-24,2026020177,FUT,UTA,TBL,2026-10-25T01:00:00Z
2026-10-24,2026020178,FUT,CGY,DET,2026-10-25T02:00:00Z
2026-10-24,2026020179,FUT,SEA,MIN,2026-10-25T02:00:00Z
2026-10-25,2026020180,FUT,CHI,FLA,2026-10-25T19:00:00Z
2026-10-25,2026020181,FUT,DAL,NYI,2026-10-25T22:00:00Z
2026-10-25,2026020182,FUT,WPG,MTL,2026-10-25T23:00:00Z
2026-10-25,2026020183,FUT,NSH,COL,2026-10-26T00:00:00Z
2026-10-25,2026020184,FUT,VAN,MIN,2026-10-26T02:00:00Z
2026-10-26,2026020185,FUT,NYR,LAK,2026-10-26T23:00:00Z
2026-10-26,2026020186,FUT,CGY,TOR,2026-10-27T00:30:00Z
2026-10-26,2026020187,FUT,EDM,DET,2026-10-27T01:30:00Z
2026-10-27,2026020188,FUT,PHI,CBJ,2026-10-27T23:00:00Z
2026-10-27,2026020189,FUT,CAR,BOS,2026-10-28T00:00:00Z
2026-10-27,2026020190,FUT,CHI,LAK,2026-10-28T00:00:00Z
2026-10-27,2026020191,FUT,STL,MTL,2026-10-28T00:00:00Z
2026-10-27,2026020192,FUT,NSH,NYI,2026-10-28T00:00:00Z
2026-10-27,2026020193,FUT,DAL,NJD,2026-10-28T00:00:00Z
2026-10-27,2026020194,FUT,WPG,FLA,2026-10-28T00:00:00Z
2026-10-27,2026020195,FUT,UTA,MIN,2026-10-28T01:00:00Z
2026-10-27,2026020196,FUT,VGK,OTT,2026-10-28T02:00:00Z
2026-10-27,2026020197,FUT,ANA,VAN,2026-10-28T02:00:00Z
2026-10-27,2026020198,FUT,SJS,BUF,2026-10-28T02:30:00Z
2026-10-28,2026020199,FUT,WSH,PHI,2026-10-28T23:30:00Z
2026-10-28,2026020200,FUT,EDM,CGY,2026-10-29T00:30:00Z
2026-10-28,2026020201,FUT,COL,NJD,2026-10-29T01:00:00Z
2026-10-28,2026020202,FUT,SEA,TOR,2026-10-29T02:00:00Z
2026-10-29,2026020204,FUT,TBL,WPG,2026-10-29T23:00:00Z
2026-10-29,2026020205,FUT,PIT,UTA,2026-10-29T23:00:00Z
2026-10-29,2026020206,FUT,CAR,CBJ,2026-10-29T23:00:00Z
2026-10-29,2026020203,FUT,DET,CHI,2026-10-29T23:30:00Z
2026-10-29,2026020207,FUT,STL,BOS,2026-10-30T00:00:00Z
2026-10-29,2026020208,FUT,NSH,WSH,2026-10-30T00:00:00Z
2026-10-29,2026020209,FUT,DAL,MTL,2026-10-30T00:00:00Z
2026-10-29,2026020210,FUT,MIN,NYI,2026-10-30T00:00:00Z
2026-10-29,2026020211,FUT,ANA,BUF,2026-10-30T02:00:00Z
2026-10-29,2026020212,FUT,LAK,OTT,2026-10-30T02:00:00Z
2026-10-29,2026020213,FUT,SJS,VAN,2026-10-30T02:00:00Z
2026-10-30,2026020214,FUT,VGK,NJD,2026-10-30T22:00:00Z
2026-10-30,2026020215,FUT,FLA,WPG,2026-10-30T23:00:00Z
2026-10-30,2026020216,FUT,CGY,SEA,2026-10-31T00:00:00Z
2026-10-31,2026020217,FUT,BOS,CHI,2026-10-31T17:00:00Z
2026-10-31,2026020218,FUT,DET,STL,2026-10-31T17:00:00Z
2026-10-31,2026020219,FUT,NSH,TBL,2026-10-31T18:00:00Z
2026-10-31,2026020220,FUT,NYI,EDM,2026-10-31T18:00:00Z
2026-10-31,2026020221,FUT,LAK,BUF,2026-10-31T20:00:00Z
2026-10-31,2026020222,FUT,SJS,OTT,2026-10-31T20:00:00Z
2026-10-31,2026020223,FUT,MTL,PIT,2026-10-31T23:00:00Z
2026-10-31,2026020224,FUT,VAN,TOR,2026-10-31T23:00:00Z
2026-10-31,2026020225,FUT,DAL,CBJ,2026-11-01T00:00:00Z
2026-10-31,2026020226,FUT,COL,CGY,2026-11-01T02:00:00Z
2026-11-01,2026020227,FUT,CAR,WPG,2026-11-01T18:00:00Z
2026-11-01,2026020228,FUT,WSH,MIN,2026-11-01T20:30:00Z
2026-11-01,2026020229,FUT,PHI,UTA,2026-11-01T21:00:00Z
2026-11-01,2026020230,FUT,NYR,EDM,2026-11-01T23:00:00Z
2026-11-01,2026020231,FUT,ANA,OTT,2026-11-02T01:00:00Z
2026-11-02,2026020232,FUT,BOS,VGK,2026-11-03T00:00:00Z
2026-11-02,2026020233,FUT,FLA,DET,2026-11-03T00:00:00Z
2026-11-02,2026020234,FUT,CHI,COL,2026-11-03T01:00:00Z
2026-11-02,2026020235,FUT,SJS,CGY,2026-11-03T02:00:00Z
2026-11-03,2026020236,FUT,TOR,UTA,2026-11-04T00:00:00Z
2026-11-03,2026020237,FUT,MTL,WPG,2026-11-04T00:00:00Z
2026-11-03,2026020238,FUT,TBL,DET,2026-11-04T00:00:00Z
2026-11-03,2026020240,FUT,NYR,STL,2026-11-04T00:00:00Z
2026-11-03,2026020241,FUT,PHI,MIN,2026-11-04T00:00:00Z
2026-11-03,2026020242,FUT,PIT,VGK,2026-11-04T00:00:00Z
2026-11-03,2026020243,FUT,WSH,DAL,2026-11-04T00:00:00Z
2026-11-03,2026020244,FUT,CBJ,COL,2026-11-04T00:00:00Z
2026-11-03,2026020239,FUT,NJD,EDM,2026-11-04T00:30:00Z
2026-11-03,2026020245,FUT,NSH,CAR,2026-11-04T01:00:00Z
2026-11-03,2026020246,FUT,VAN,ANA,2026-11-04T02:00:00Z
2026-11-04,2026020247,FUT,BUF,OTT,2026-11-05T00:30:00Z
2026-11-04,2026020248,FUT,FLA,CHI,2026-11-05T00:30:00Z
2026-11-04,2026020249,FUT,LAK,SJS,2026-11-05T03:00:00Z
2026-11-04,2026020250,FUT,SEA,CGY,2026-11-05T03:00:00Z
2026-11-05,2026020251,FUT,MTL,UTA,2026-11-06T00:00:00Z
2026-11-05,2026020252,FUT,DET,VGK,2026-11-06T00:00:00Z
2026-11-05,2026020253,FUT,TBL,CHI,2026-11-06T00:00:00Z
2026-11-05,2026020254,FUT,NJD,STL,2026-11-06T00:00:00Z
2026-11-05,2026020255,FUT,NYI,CAR,2026-11-06T00:00:00Z
2026-11-05,2026020256,FUT,NYR,PHI,2026-11-06T00:00:00Z
2026-11-05,2026020257,FUT,PIT,BOS,2026-11-06T00:00:00Z
2026-11-05,2026020258,FUT,CBJ,DAL,2026-11-06T00:00:00Z
2026-11-05,2026020259,FUT,WPG,VAN,2026-11-06T00:00:00Z
2026-11-05,2026020260,FUT,EDM,ANA,2026-11-06T01:00:00Z
2026-11-05,2026020261,FUT,COL,NSH,2026-11-06T02:30:00Z
2026-11-06,2026020262,FUT,BUF,CBJ,2026-11-07T00:00:00Z
2026-11-06,2026020263,FUT,MIN,SJS,2026-11-07T01:00:00Z
2026-11-06,2026020264,FUT,CGY,ANA,2026-11-07T01:00:00Z
2026-11-07,2026020265,FUT,WSH,FLA,2026-11-07T17:30:00Z
2026-11-07,2026020266,FUT,NSH,STL,2026-11-07T18:00:00Z
2026-11-07,2026020267,FUT,SEA,NYR,2026-11-07T22:00:00Z
2026-11-07,2026020268,FUT,TOR,MTL,2026-11-08T00:00:00Z
2026-11-07,2026020269,FUT,OTT,UTA,2026-11-08T00:00:00Z
2026-11-07,2026020270,FUT,NYI,NJD,2026-11-08T00:00:00Z
2026-11-07,2026020271,FUT,CAR,CHI,2026-11-08T01:00:00Z
2026-11-07,2026020272,FUT,DAL,SJS,2026-11-08T01:00:00Z
2026-11-07,2026020273,FUT,MIN,TBL,2026-11-08T01:00:00Z
2026-11-07,2026020274,FUT,COL,DET,2026-11-08T02:00:00Z
2026-11-07,2026020275,FUT,LAK,PIT,2026-11-08T02:00:00Z
2026-11-07,2026020276,FUT,EDM,VAN,2026-11-08T03:00:00Z
2026-11-08,2026020277,FUT,BOS,FLA,2026-11-08T18:00:00Z
2026-11-08,2026020278,FUT,BUF,VGK,2026-11-08T20:30:00Z
2026-11-08,2026020280,FUT,WPG,TBL,2026-11-08T23:00:00Z
2026-11-08,2026020279,FUT,TOR,NJD,2026-11-09T00:00:00Z
2026-11-08,2026020281,FUT,CGY,PHI,2026-11-09T00:00:00Z
2026-11-08,2026020282,FUT,ANA,PIT,2026-11-09T01:00:00Z
2026-11-09,2026020283,FUT,EDM,NYR,2026-11-10T01:00:00Z
2026-11-09,2026020284,FUT,VAN,PHI,2026-11-10T02:30:00Z
2026-11-09,2026020285,FUT,SJS,NYI,2026-11-10T03:00:00Z
2026-11-10,2026020286,FUT,TOR,COL,2026-11-11T00:00:00Z
2026-11-10,2026020287,FUT,MTL,MIN,2026-11-11T00:00:00Z
2026-11-10,2026020288,FUT,OTT,WSH,2026-11-11T00:00:00Z
2026-11-10,2026020291,FUT,WPG,NJD,2026-11-11T00:00:00Z
2026-11-10,2026020289,FUT,CBJ,FLA,2026-11-11T00:30:00Z
2026-11-10,2026020290,FUT,STL,DET,2026-11-11T01:00:00Z
2026-11-10,2026020292,FUT,LAK,NSH,2026-11-11T03:00:00Z
2026-11-11,2026020293,FUT,BUF,TBL,2026-11-12T00:00:00Z
2026-11-11,2026020294,FUT,CGY,NYR,2026-11-12T00:30:00Z
2026-11-11,2026020295,FUT,EDM,PHI,2026-11-12T02:00:00Z
2026-11-11,2026020296,FUT,VGK,UTA,2026-11-12T02:30:00Z
2026-11-11,2026020297,FUT,ANA,NSH,2026-11-12T03:00:00Z
2026-11-11,2026020298,FUT,SJS,PIT,2026-11-12T03:00:00Z
2026-11-12,2026020309,FUT,SEA,CAR,2026-11-12T17:00:00Z
2026-11-12,2026020299,FUT,BOS,MTL,2026-11-13T00:00:00Z
2026-11-12,2026020300,FUT,TOR,MIN,2026-11-13T00:00:00Z
2026-11-12,2026020301,FUT,OTT,COL,2026-11-13T00:00:00Z
2026-11-12,2026020303,FUT,NJD,WSH,2026-11-13T00:00:00Z
2026-11-12,2026020304,FUT,CBJ,TBL,2026-11-13T00:00:00Z
2026-11-12,2026020302,FUT,FLA,DET,2026-11-13T00:30:00Z
2026-11-12,2026020305,FUT,CHI,BUF,2026-11-13T01:00:00Z
2026-11-12,2026020306,FUT,DAL,WPG,2026-11-13T01:00:00Z
2026-11-12,2026020307,FUT,UTA,STL,2026-11-13T02:00:00Z
2026-11-12,2026020308,FUT,LAK,NYI,2026-11-13T03:00:00Z
2026-11-13,2026020310,FUT,VAN,NYR,2026-11-14T02:00:00Z
2026-11-13,2026020311,FUT,VGK,NSH,2026-11-14T03:00:00Z
2026-11-14,2026020321,FUT,CAR,SEA,2026-11-14T18:00:00Z
2026-11-14,2026020312,FUT,CHI,WPG,2026-11-14T20:30:00Z
2026-11-14,2026020313,FUT,BOS,MIN,2026-11-15T00:00:00Z
2026-11-14,2026020314,FUT,TOR,EDM,2026-11-15T00:00:00Z
2026-11-14,2026020315,FUT,MTL,COL,2026-11-15T00:00:00Z
2026-11-14,2026020316,FUT,TBL,DET,2026-11-15T00:00:00Z
2026-11-14,2026020317,FUT,PIT,OTT,2026-11-15T00:00:00Z
2026-11-14,2026020318,FUT,WSH,NJD,2026-11-15T00:00:00Z
2026-11-14,2026020319,FUT,CBJ,PHI,2026-11-15T00:00:00Z
2026-11-14,2026020320,FUT,STL,FLA,2026-11-15T00:00:00Z
2026-11-14,2026020322,FUT,DAL,BUF,2026-11-15T01:00:00Z
2026-11-14,2026020323,FUT,UTA,SJS,2026-11-15T02:00:00Z
2026-11-14,2026020324,FUT,ANA,NYI,2026-11-15T03:00:00Z
2026-11-14,2026020325,FUT,LAK,CGY,2026-11-15T03:00:00Z
2026-11-15,2026020326,FUT,PHI,EDM,2026-11-16T00:30:00Z
2026-11-15,2026020327,FUT,DAL,FLA,2026-11-16T01:00:00Z
2026-11-15,2026020328,FUT,ANA,CGY,2026-11-16T01:00:00Z
2026-11-15,2026020329,FUT,VGK,VAN,2026-11-16T02:00:00Z
2026-11-15,2026020330,FUT,SJS,NSH,2026-11-16T02:00:00Z
2026-11-16,2026020331,FUT,NYR,MTL,2026-11-17T00:30:00Z
2026-11-16,2026020332,FUT,UTA,VAN,2026-11-17T02:30:00Z
2026-11-17,2026020333,FUT,BOS,LAK,2026-11-18T00:00:00Z
2026-11-17,2026020335,FUT,FLA,EDM,2026-11-18T00:00:00Z
2026-11-17,2026020336,FUT,NYI,CBJ,2026-11-18T00:00:00Z
2026-11-17,2026020337,FUT,PHI,BUF,2026-11-18T00:00:00Z
2026-11-17,2026020341,FUT,WPG,OTT,2026-11-18T00:00:00Z
2026-11-17,2026020334,FUT,TBL,WSH,2026-11-18T00:30:00Z
2026-11-17,2026020338,FUT,CHI,TOR,2026-11-18T00:30:00Z
2026-11-17,2026020339,FUT,STL,ANA,2026-11-18T01:00:00Z
2026-11-17,2026020340,FUT,MIN,NSH,2026-11-18T01:00:00Z
2026-11-17,2026020342,FUT,VGK,DAL,2026-11-18T03:00:00Z
2026-11-17,2026020343,FUT,SJS,CGY,2026-11-18T03:00:00Z
2026-11-18,2026020344,FUT,DET,BOS,2026-11-19T00:30:00Z
2026-11-18,2026020345,FUT,NJD,MTL,2026-11-19T00:30:00Z
2026-11-18,2026020346,FUT,UTA,COL,2026-11-19T02:00:00Z
2026-11-19,2026020347,FUT,TOR,LAK,2026-11-20T00:00:00Z
2026-11-19,2026020348,FUT,OTT,PHI,2026-11-20T00:00:00Z
2026-11-19,2026020350,FUT,PIT,STL,2026-11-20T00:00:00Z
2026-11-19,2026020351,FUT,WSH,BUF,2026-11-20T00:00:00Z
2026-11-19,2026020352,FUT,CAR,MTL,2026-11-20T00:00:00Z
2026-11-19,2026020354,FUT,WPG,NYI,2026-11-20T00:00:00Z
2026-11-19,2026020349,FUT,TBL,EDM,2026-11-20T00:30:00Z
2026-11-19,2026020353,FUT,CHI,CBJ,2026-11-20T01:00:00Z
2026-11-19,2026020355,FUT,CGY,MIN,2026-11-20T01:00:00Z
2026-11-19,2026020356,FUT,COL,ANA,2026-11-20T02:00:00Z
2026-11-19,2026020357,FUT,SEA,VAN,2026-11-20T02:40:00Z
2026-11-19,2026020358,FUT,VGK,DAL,2026-11-20T03:00:00Z
2026-11-21,2026020359,FUT,CAR,EDM,2026-11-21T18:00:00Z
2026-11-21,2026020360,FUT,CGY,CHI,2026-11-21T20:30:00Z
2026-11-21,2026020361,FUT,FLA,BUF,2026-11-21T23:00:00Z
2026-11-21,2026020362,FUT,NSH,PIT,2026-11-21T23:00:00Z
2026-11-21,2026020363,FUT,BOS,WSH,2026-11-22T00:00:00Z
2026-11-21,2026020364,FUT,TOR,CBJ,2026-11-22T00:00:00Z
2026-11-21,2026020365,FUT,MTL,PHI,2026-11-22T00:00:00Z
2026-11-21,2026020366,FUT,OTT,LAK,2026-11-22T00:00:00Z
2026-11-21,2026020367,FUT,DET,NYI,2026-11-22T00:00:00Z
2026-11-21,2026020368,FUT,STL,NJD,2026-11-22T00:00:00Z
2026-11-21,2026020369,FUT,WPG,VGK,2026-11-22T00:00:00Z
2026-11-21,2026020370,FUT,UTA,ANA,2026-11-22T02:00:00Z
2026-11-21,2026020371,FUT,VAN,MIN,2026-11-22T03:00:00Z
2026-11-21,2026020372,FUT,SJS,SEA,2026-11-22T03:00:00Z
2026-11-22,2026020373,FUT,NYR,CAR,2026-11-22T17:30:00Z
2026-11-22,2026020374,FUT,TBL,BUF,2026-11-22T22:00:00Z
2026-11-22,2026020375,FUT,STL,EDM,2026-11-23T00:00:00Z
2026-11-22,2026020376,FUT,DAL,PIT,2026-11-23T00:00:00Z
2026-11-22,2026020377,FUT,VAN,CHI,2026-11-23T01:00:00Z
2026-11-23,2026020378,FUT,NJD,CBJ,2026-11-24T00:00:00Z
2026-11-23,2026020379,FUT,MTL,LAK,2026-11-24T00:30:00Z
2026-11-23,2026020380,FUT,OTT,CGY,2026-11-24T00:30:00Z
2026-11-23,2026020381,FUT,NYI,TOR,2026-11-24T00:30:00Z
2026-11-23,2026020382,FUT,WPG,UTA,2026-11-24T00:30:00Z
2026-11-23,2026020383,FUT,SEA,ANA,2026-11-24T02:40:00Z
2026-11-23,2026020384,FUT,SJS,MIN,2026-11-24T03:00:00Z
2026-11-24,2026020385,FUT,EDM,VGK,2026-11-25T01:00:00Z
2026-11-25,2026020386,FUT,BOS,WPG,2026-11-26T00:00:00Z
2026-11-25,2026020387,FUT,BUF,NYR,2026-11-26T00:00:00Z
2026-11-25,2026020388,FUT,TBL,CAR,2026-11-26T00:00:00Z
2026-11-25,2026020389,FUT,FLA,OTT,2026-11-26T00:00:00Z
2026-11-25,2026020390,FUT,NYI,STL,2026-11-26T00:00:00Z
2026-11-25,2026020391,FUT,PIT,CGY,2026-11-26T00:00:00Z
2026-11-25,2026020392,FUT,WSH,PHI,2026-11-26T00:00:00Z
2026-11-25,2026020393,FUT,CBJ,NJD,2026-11-26T00:00:00Z
2026-11-25,2026020394,FUT,DET,VAN,2026-11-26T00:30:00Z
2026-11-25,2026020395,FUT,DAL,NSH,2026-11-26T01:00:00Z
2026-11-25,2026020396,FUT,MIN,UTA,2026-11-26T01:00:00Z
2026-11-25,2026020397,FUT,COL,MTL,2026-11-26T02:30:00Z
2026-11-25,2026020399,FUT,SEA,CHI,2026-11-26T02:40:00Z
2026-11-25,2026020398,FUT,ANA,SJS,2026-11-26T03:00:00Z
2026-11-27,2026020400,FUT,BOS,TOR,2026-11-27T18:00:00Z
2026-11-27,2026020401,FUT,NJD,CGY,2026-11-27T18:00:00Z
2026-11-27,2026020402,FUT,NSH,UTA,2026-11-27T18:00:00Z
2026-11-27,2026020403,FUT,STL,DAL,2026-11-27T19:00:00Z
2026-11-27,2026020404,FUT,TBL,OTT,2026-11-27T20:00:00Z
2026-11-27,2026020405,FUT,PHI,VAN,2026-11-27T20:00:00Z
2026-11-27,2026020406,FUT,WSH,FLA,2026-11-27T20:00:00Z
2026-11-27,2026020407,FUT,CBJ,DET,2026-11-27T20:00:00Z
2026-11-27,2026020408,FUT,MIN,COL,2026-11-27T21:00:00Z
2026-11-27,2026020409,FUT,ANA,LAK,2026-11-27T21:00:00Z
2026-11-27,2026020410,FUT,SJS,VGK,2026-11-27T21:00:00Z
2026-11-27,2026020411,FUT,CHI,NYR,2026-11-27T22:30:00Z
2026-11-27,2026020412,FUT,NYI,WPG,2026-11-28T00:30:00Z
2026-11-27,2026020413,FUT,BUF,PIT,2026-11-28T01:00:00Z
2026-11-27,2026020414,FUT,EDM,SEA,2026-11-28T01:00:00Z
2026-11-28,2026020415,FUT,VGK,MTL,2026-11-28T21:00:00Z
2026-11-28,2026020416,FUT,FLA,TBL,2026-11-28T23:00:00Z
2026-11-28,2026020417,FUT,DET,NSH,2026-11-29T00:00:00Z
2026-11-28,2026020418,FUT,NJD,WPG,2026-11-29T00:00:00Z
2026-11-28,2026020419,FUT,NYR,CGY,2026-11-29T00:00:00Z
2026-11-28,2026020420,FUT,PIT,TOR,2026-11-29T00:00:00Z
2026-11-28,2026020421,FUT,CAR,OTT,2026-11-29T00:00:00Z
2026-11-28,2026020422,FUT,STL,WSH,2026-11-29T00:00:00Z
2026-11-28,2026020423,FUT,PHI,NYI,2026-11-29T00:30:00Z
2026-11-28,2026020424,FUT,DAL,UTA,2026-11-29T01:00:00Z
2026-11-28,2026020425,FUT,COL,SJS,2026-11-29T02:00:00Z
2026-11-28,2026020426,FUT,LAK,ANA,2026-11-29T02:00:00Z
2026-11-28,2026020427,FUT,SEA,EDM,2026-11-29T03:00:00Z
2026-11-29,2026020428,FUT,CHI,MIN,2026-11-29T19:00:00Z
2026-11-29,2026020429,FUT,BOS,VAN,2026-11-29T22:00:00Z
2026-11-30,2026020430,FUT,NSH,OTT,2026-11-30T18:00:00Z
2026-11-30,2026020431,FUT,NYR,CAR,2026-12-01T00:00:00Z
2026-11-30,2026020432,FUT,PIT,CBJ,2026-12-01T00:00:00Z
2026-11-30,2026020433,FUT,TOR,PHI,2026-12-01T00:30:00Z
2026-11-30,2026020434,FUT,WPG,CHI,2026-12-01T00:30:00Z
2026-11-30,2026020435,FUT,UTA,MTL,2026-12-01T02:30:00Z
2026-12-01,2026020436,FUT,DET,CGY,2026-12-02T00:00:00Z
2026-12-01,2026020438,FUT,NYI,FLA,2026-12-02T00:00:00Z
2026-12-01,2026020439,FUT,WSH,VAN,2026-12-02T00:00:00Z
2026-12-01,2026020437,FUT,NJD,SJS,2026-12-02T00:30:00Z
2026-12-01,2026020440,FUT,BOS,COL,2026-12-02T01:00:00Z
2026-12-01,2026020441,FUT,EDM,BUF,2026-12-02T01:00:00Z
2026-12-01,2026020442,FUT,SEA,DAL,2026-12-02T02:40:00Z
2026-12-01,2026020443,FUT,ANA,MIN,2026-12-02T03:00:00Z
2026-12-01,2026020444,FUT,LAK,VGK,2026-12-02T03:00:00Z
2026-12-02,2026020445,FUT,MTL,TBL,2026-12-03T00:30:00Z
2026-12-02,2026020446,FUT,STL,PIT,2026-12-03T01:00:00Z
2026-12-02,2026020447,FUT,UTA,WPG,2026-12-03T02:30:00Z
2026-12-03,2026020448,FUT,TOR,FLA,2026-12-04T00:00:00Z
2026-12-03,2026020449,FUT,OTT,NJD,2026-12-04T00:00:00Z
2026-12-03,2026020450,FUT,DET,COL,2026-12-04T00:00:00Z
2026-12-03,2026020451,FUT,NYR,SJS,2026-12-04T00:00:00Z
2026-12-03,2026020453,FUT,CAR,CBJ,2026-12-04T00:00:00Z
2026-12-03,2026020452,FUT,PHI,NYI,2026-12-04T00:30:00Z
2026-12-03,2026020454,FUT,NSH,CHI,2026-12-04T01:00:00Z
2026-12-03,2026020455,FUT,CGY,BUF,2026-12-04T01:00:00Z
2026-12-03,2026020456,FUT,EDM,WSH,2026-12-04T01:00:00Z
2026-12-03,2026020457,FUT,SEA,DAL,2026-12-04T03:00:00Z
2026-12-03,2026020458,FUT,VGK,UTA,2026-12-04T03:00:00Z
2026-12-03,2026020459,FUT,LAK,MIN,2026-12-04T03:00:00Z
