game_id,sakums_utc,majas,viesi,pirmo_reizi,pedejo_reizi,p1_pirmais,pX_pirmais,p2_pirmais,p1_pedejais,pX_pedejais,p2_pedejais,tot_linija,over_pirmais,under_pirmais,over_pedejais,under_pedejais
2026020056,2026-10-08T23:00:00Z,BOS,UTA,2026-10-08T05:49:48Z,2026-10-08T20:58:54Z,,,,,,,6.0,2.02,1.85,1.93,1.95
2026020057,2026-10-08T23:00:00Z,BUF,DAL,2026-10-08T05:49:48Z,2026-10-08T20:58:54Z,,,,,,,6.0,1.88,1.98,1.96,1.93
2026020058,2026-10-08T23:00:00Z,MTL,NSH,2026-10-08T05:49:48Z,2026-10-08T20:58:54Z,,,,,,,6.0,1.84,2.04,1.85,2.05
2026020059,2026-10-08T23:00:00Z,OTT,PHI,2026-10-08T05:49:48Z,2026-10-08T20:58:54Z,,,,,,,6.0,2.04,1.84,2.04,1.84
2026020060,2026-10-08T23:00:00Z,TBL,MIN,2026-10-08T05:49:48Z,2026-10-08T20:58:54Z,,,,,,,6.0,1.98,1.89,1.88,2.01
2026020061,2026-10-08T23:00:00Z,CAR,VAN,2026-10-08T05:49:48Z,2026-10-08T20:58:54Z,,,,,,,6.5,1.98,1.89,1.99,1.89
2026020062,2026-10-08T23:30:00Z,NYI,CHI,2026-10-08T05:49:48Z,2026-10-08T20:58:54Z,,,,,,,6.0,2.0,1.87,2.03,1.86
2026020063,2026-10-09T00:00:00Z,STL,SJS,2026-10-08T05:49:48Z,2026-10-08T20:58:54Z,,,,,,,6.0,2.03,1.85,2.03,1.86
2026020064,2026-10-09T01:00:00Z,CGY,COL,2026-10-08T05:49:48Z,2026-10-08T20:58:54Z,,,,,,,6.0,1.83,2.04,1.85,2.04
2026020065,2026-10-09T02:00:00Z,VGK,TOR,2026-10-08T05:49:48Z,2026-10-08T20:58:54Z,,,,,,,6.5,2.02,1.85,1.89,2.0
2026020066,2026-10-09T23:00:00Z,DET,SEA,2026-10-08T20:58:54Z,2026-10-09T20:57:58Z,,,,,,,6.0,1.88,1.98,1.94,1.94
2026020067,2026-10-09T23:00:00Z,WSH,NYR,2026-10-08T20:58:54Z,2026-10-09T20:57:58Z,,,,,,,6.0,2.03,1.85,2.04,1.84
2026020068,2026-10-09T23:00:00Z,CBJ,PIT,2026-10-08T20:58:54Z,2026-10-09T20:57:58Z,,,,,,,6.5,1.99,1.88,1.85,2.04
2026020069,2026-10-10T00:00:00Z,WPG,ANA,2026-10-08T20:58:54Z,2026-10-09T20:57:58Z,,,,,,,6.5,2.0,1.87,2.03,1.87
2026020070,2026-10-10T17:00:00Z,BOS,PHI,2026-10-09T20:57:58Z,2026-10-10T14:35:11Z,,,,,,,5.5,1.85,2.02,1.87,2.03
2026020071,2026-10-10T19:30:00Z,NJD,VAN,2026-10-09T20:57:58Z,2026-10-10T14:35:11Z,,,,,,,6.5,2.0,1.88,2.0,1.89
2026020072,2026-10-10T20:00:00Z,SJS,EDM,2026-10-09T20:57:58Z,2026-10-10T20:55:40Z,,,,,,,6.5,1.87,2.0,1.85,2.05
2026020073,2026-10-10T22:00:00Z,FLA,MIN,2026-10-09T20:57:58Z,2026-10-10T20:55:40Z,,,,,,,6.0,1.99,1.88,2.04,1.85
2026020074,2026-10-10T23:00:00Z,BUF,UTA,2026-10-09T20:57:58Z,2026-10-10T20:55:40Z,,,,,,,6.5,2.05,1.83,2.02,1.88
2026020075,2026-10-10T23:00:00Z,MTL,DET,2026-10-10T07:01:24Z,2026-10-10T20:55:40Z,,,,,,,6.5,2.02,1.85,2.02,1.88
2026020076,2026-10-10T23:00:00Z,OTT,NSH,2026-10-09T20:57:58Z,2026-10-10T20:55:40Z,,,,,,,6.0,2.0,1.88,2.01,1.88
2026020077,2026-10-10T23:00:00Z,PIT,DAL,2026-10-10T07:01:24Z,2026-10-10T20:55:40Z,,,,,,,6.5,2.05,1.83,2.02,1.87
2026020078,2026-10-10T23:00:00Z,CHI,CAR,2026-10-09T20:57:58Z,2026-10-10T20:55:40Z,,,,,,,6.0,1.93,1.93,2.04,1.85
2026020079,2026-10-10T23:00:00Z,STL,CBJ,2026-10-10T07:01:24Z,2026-10-10T20:55:40Z,,,,,,,6.0,1.96,1.9,1.93,1.95
2026020080,2026-10-10T23:00:00Z,COL,TOR,2026-10-09T20:57:58Z,2026-10-10T20:55:40Z,,,,,,,6.5,1.93,1.93,1.82,2.08
2026020081,2026-10-10T23:30:00Z,NYI,TBL,2026-10-09T20:57:58Z,2026-10-10T20:55:40Z,,,,,,,5.5,1.89,1.98,1.9,1.98
2026020082,2026-10-11T02:00:00Z,CGY,ANA,2026-10-10T07:01:24Z,2026-10-10T20:55:40Z,,,,,,,6.5,2.01,1.86,1.98,1.91
2026020083,2026-10-11T02:00:00Z,VGK,LAK,2026-10-09T20:57:58Z,2026-10-10T20:55:40Z,,,,,,,6.0,1.94,1.93,1.93,1.96
