game_id,ielade,sakums_utc,majas,viesi,lh,la,m_1,m_X,m_2,m_ml1,m_ml2,tot_linija,m_over,pin_1,pin_X,pin_2,lab_1,lab_X,lab_2,pin_over,pin_under,lab_over,lab_under,ticamiba
2026020056,2026-10-08T07:04:35Z,2026-10-08T23:00:00Z,BOS,UTA,2.8919,3.0617,0.36211,0.22532,0.41258,0.47757,0.52243,6.0,,,,,2.72,4.21,2.4,1.93,1.93,1.99,1.93,Zema
2026020057,2026-10-08T07:04:35Z,2026-10-08T23:00:00Z,BUF,DAL,3.0038,3.0111,0.38659,0.22465,0.38876,0.50324,0.49676,6.0,,,,,2.64,4.26,2.48,1.93,1.94,1.93,1.95,Zema
2026020058,2026-10-08T07:04:35Z,2026-10-08T23:00:00Z,MTL,NSH,3.3453,2.6588,0.49212,0.21746,0.29042,0.61132,0.38868,6.5,0.44563,,,,1.98,4.5,3.45,2.03,1.85,2.03,1.85,Zema
2026020059,2026-10-08T07:04:35Z,2026-10-08T23:00:00Z,OTT,PHI,3.2926,2.6069,0.49188,0.21924,0.28888,0.61216,0.38784,5.5,0.55143,,,,2.2,4.25,3.08,1.85,2.02,1.87,2.11,Zema
2026020060,2026-10-08T07:04:35Z,2026-10-08T23:00:00Z,TBL,MIN,3.2557,2.6897,0.47332,0.22082,0.30586,0.5933,0.4067,6.0,,,,,2.1,4.35,3.12,2.0,1.87,2.04,1.87,Zema
2026020061,2026-10-08T07:04:35Z,2026-10-08T23:00:00Z,CAR,VAN,3.7805,2.2765,0.61788,0.19046,0.19167,0.72877,0.27123,6.5,0.44476,,,,1.55,5.4,5.75,2.02,1.85,2.25,1.92,Zema
2026020062,2026-10-08T07:04:35Z,2026-10-08T23:30:00Z,NYI,CHI,3.2659,2.6073,0.4876,0.22027,0.29213,0.60822,0.39178,6.0,,,,,1.95,4.4,3.46,1.99,1.88,2.0,1.88,Zema
2026020063,2026-10-08T07:04:35Z,2026-10-09T00:00:00Z,STL,SJS,3.397,2.6033,0.50875,0.21507,0.27618,0.62761,0.37239,6.0,,,,,2.11,4.26,3.15,2.02,1.86,2.02,1.86,Zema
2026020064,2026-10-08T07:04:35Z,2026-10-09T01:00:00Z,CGY,COL,2.4062,3.4694,0.23959,0.20931,0.55111,0.33877,0.66123,6.5,0.42278,,,,4.1,4.75,1.75,2.04,1.83,2.1,1.83,Zema
2026020065,2026-10-08T07:04:35Z,2026-10-09T02:00:00Z,VGK,TOR,3.4207,2.6109,0.51123,0.21417,0.27459,0.62971,0.37029,6.0,,,,,2.04,4.5,3.22,1.85,2.03,1.85,2.03,Zema
