datums,game_id,sezona,speles_tips,sakums_utc,arena,spele_beidzas,uzvaretajs,home_team,away_team,home_total,away_total,home_p1,away_p1,home_p2,away_p2,home_p3,away_p3,home_ot,away_ot,home_pim_total,away_pim_total,home_pim_p1,away_pim_p1,home_pim_p2,away_pim_p2,home_pim_p3,away_pim_p3,home_pim_ot,away_pim_ot,home_pen_p1,away_pen_p1,home_pen_p2,away_pen_p2,home_pen_p3,away_pen_p3,home_pen_ot,away_pen_ot,home_sog_total,away_sog_total,home_sog_p1,away_sog_p1,home_sog_p2,away_sog_p2,home_sog_p3,away_sog_p3,home_sog_ot,away_sog_ot,home_ppg,away_ppg,home_pp_sog,away_pp_sog,home_pp_opp,away_pp_opp,home_pen_count,away_pen_count,home_sh_goals,away_sh_goals,home_en_goals,away_en_goals,home_missed_shots,away_missed_shots,home_pim_official,away_pim_official,home_hits,away_hits,home_blocked_shots,away_blocked_shots,home_giveaways,away_giveaways,home_takeaways,away_takeaways,home_faceoff_pct,away_faceoff_pct,star1,star2,star3
2026-09-29,2026020001,20262027,2,2026-09-29T21:00:00Z,Lenovo Center,OT,FLA,CAR,FLA,0,1,0,0,0,0,0,0,0,1,14,12,4,0,8,10,2,2,0,0,2,0,4,5,1,1,0,0,15,20,3,6,7,8,4,5,1,1,0,0,7,4,6,7,7,6,0,0,0,0,9,10,19,17,41,43,19,13,15,12,4,3,56.9,43.1,G. Forsling (FLA),J. Markstrom (FLA),B. Bussi (CAR)
2026-09-29,2026020002,20262027,2,2026-09-29T23:00:00Z,Scotiabank Arena,REG,MTL,TOR,MTL,2,3,1,1,0,1,1,1,0,0,8,8,2,2,2,4,4,2,0,0,1,1,1,2,2,1,0,0,28,24,11,10,6,8,11,6,0,0,0,0,4,3,3,2,4,4,0,0,0,0,10,15,8,8,23,28,14,11,21,22,2,7,39.6,60.4,A. Carrier (MTL),W. Nylander (TOR),J. Anderson (MTL)
2026-09-29,2026020003,20262027,2,2026-09-30T00:00:00Z,TD Garden,REG,BOS,BOS,NYR,3,0,0,0,0,0,3,0,0,0,2,2,2,2,0,0,0,0,0,0,1,1,0,0,0,0,0,0,23,24,7,5,8,9,8,10,0,0,0,0,1,1,1,1,1,1,0,0,1,0,17,7,2,2,36,37,16,12,10,20,4,4,50.0,50.0,J. Swayman (BOS),F. Minten (BOS),J. Peterka (BOS)
2026-09-29,2026020004,20262027,2,2026-09-30T02:00:00Z,Rogers Place,OT,VAN,EDM,VAN,5,6,1,1,1,1,3,3,0,1,4,8,0,4,0,0,4,4,0,0,0,2,0,0,2,2,0,0,37,23,13,5,9,7,15,9,0,2,1,1,6,2,4,2,2,4,0,1,0,0,11,6,4,8,38,13,12,21,19,15,2,5,60.0,40.0,E. Bouchard (EDM),P. Cotter (VAN),V. Podkolzin (EDM)
2026-09-29,2026020005,20262027,2,2026-09-30T02:30:00Z,T-Mobile Arena,REG,VGK,VGK,CHI,5,2,2,0,1,1,2,1,0,0,4,6,0,4,2,0,2,2,0,0,0,2,1,0,1,1,0,0,37,26,15,6,13,6,9,14,0,0,1,0,4,2,3,2,2,3,0,0,1,0,13,13,4,6,23,14,8,10,22,12,5,5,56.9,43.1,T. Connelly (VGK),J. Eichel (VGK),N. Hanifin (VGK)
2026-09-30,2026020006,20262027,2,2026-09-30T23:30:00Z,Xfinity Mobile Arena,REG,PIT,PHI,PIT,0,7,0,2,0,3,0,2,0,0,10,8,2,0,6,4,2,4,0,0,1,0,3,2,1,2,0,0,19,38,5,11,7,15,7,12,0,0,0,2,6,6,3,4,5,4,0,1,0,0,15,15,10,8,28,23,8,11,21,11,5,3,62.1,37.9,F. Hallander (PIT),A. Silovs (PIT),V. Koivunen (PIT)
2026-09-30,2026020008,20262027,2,2026-09-30T23:30:00Z,Scotiabank Arena,REG,TOR,TOR,NYI,2,1,2,0,0,0,0,1,0,0,8,8,0,4,4,2,4,2,0,0,0,2,2,1,2,1,0,0,26,27,10,11,12,8,4,8,0,0,1,0,6,2,4,4,4,4,0,1,0,0,11,19,8,8,19,24,21,11,15,12,4,4,60.0,40.0,A. Stolarz (TOR),E. Cowan (TOR),C. Sissons (TOR)
2026-09-30,2026020007,20262027,2,2026-10-01T02:00:00Z,Ball Arena,REG,COL,COL,LAK,8,4,2,1,4,2,2,1,0,0,8,10,4,6,2,2,2,2,0,0,2,3,1,1,1,1,0,0,29,31,10,13,10,12,9,6,0,0,4,0,7,4,5,4,4,5,0,2,0,0,6,14,13,15,19,17,15,15,12,10,3,7,36.2,63.8,N. MacKinnon (COL),B. Nelson (COL),A. Lehkonen (COL)
2026-10-01,2026020009,20262027,2,2026-10-01T23:00:00Z,Prudential Center,OT,NJD,NJD,PHI,3,2,0,1,1,0,1,1,1,0,2,8,0,6,2,0,0,2,0,0,0,3,1,0,0,1,0,0,44,25,14,6,16,8,11,8,3,3,0,0,8,1,4,1,1,4,0,0,0,0,17,6,2,8,18,24,10,32,18,23,7,3,50.0,50.0,J. Hughes (NJD),L. Hughes (NJD),J. Woll (PHI)
2026-10-01,2026020010,20262027,2,2026-10-01T23:00:00Z,Madison Square Garden,REG,NYR,NYR,TBL,5,1,2,0,2,1,1,0,0,0,16,6,4,2,4,2,8,2,0,0,2,1,2,1,4,1,0,0,25,24,7,8,11,10,7,6,0,0,1,0,3,8,2,7,8,3,0,0,1,0,11,15,16,6,22,31,23,16,18,22,4,5,61.4,38.6,I. Shesterkin (NYR),P. Dorofeyev (NYR),M. Zibanejad (NYR)
2026-10-01,2026020011,20262027,2,2026-10-01T23:00:00Z,Nationwide Arena,REG,CBJ,CBJ,BUF,6,3,3,1,1,2,2,0,0,0,10,6,2,4,6,0,2,2,0,0,1,2,3,0,1,1,0,0,23,26,8,6,6,13,9,7,0,0,2,0,6,5,3,5,5,3,0,0,1,0,8,14,15,11,25,21,15,8,13,15,6,2,55.4,44.6,M. Knies (CBJ),Z. Werenski (CBJ),C. Coyle (CBJ)
2026-10-01,2026020012,20262027,2,2026-10-02T00:00:00Z,Bridgestone Arena,REG,MIN,NSH,MIN,1,3,0,2,1,0,0,1,0,0,8,8,6,2,0,4,2,2,0,0,3,1,0,2,1,1,0,0,20,30,6,9,7,9,7,12,0,0,0,1,5,8,4,4,4,4,0,0,0,0,15,19,8,8,25,21,13,10,16,14,3,3,52.5,47.5,B. Coleman (MIN),N. Foligno (MIN),R. Josi (NSH)
2026-10-01,2026020014,20262027,2,2026-10-02T01:00:00Z,Scotiabank Saddledome,REG,SEA,CGY,SEA,1,6,0,3,0,0,1,3,0,0,12,4,4,2,8,2,0,0,0,0,2,1,4,1,0,0,0,0,25,32,6,6,8,12,11,14,0,0,0,1,0,6,1,5,6,2,0,0,0,0,17,14,12,4,24,20,9,20,18,14,2,8,51.7,48.3,V. Dunn (SEA),J. Daccord (SEA),J. Eberle (SEA)
2026-10-01,2026020013,20262027,2,2026-10-02T01:30:00Z,Delta Center,REG,UTA,UTA,CHI,6,0,2,0,3,0,1,0,0,0,8,8,0,2,6,6,2,0,0,0,0,1,3,3,1,0,0,0,32,15,13,7,13,2,6,6,0,0,2,0,3,1,3,3,4,4,0,0,0,0,22,16,13,13,42,12,11,11,16,16,10,4,72.2,27.8,D. Guenther (UTA),C. Keller (UTA),K. Vejmelka (UTA)
2026-10-01,2026020015,20262027,2,2026-10-02T02:00:00Z,Rogers Arena,REG,EDM,VAN,EDM,7,9,0,4,3,4,4,1,0,0,10,6,6,0,0,4,4,2,0,0,3,0,0,2,2,1,0,0,22,31,2,14,8,9,12,8,0,0,1,2,4,9,3,5,5,3,0,2,0,0,10,12,10,6,28,20,12,17,27,19,3,3,59.3,40.7,C. McDavid (EDM),M. Rossi (VAN),L. Draisaitl (EDM)
2026-10-01,2026020016,20262027,2,2026-10-02T02:00:00Z,SAP Center at San Jose,OT,SJS,SJS,FLA,4,3,1,0,2,1,0,2,1,0,12,8,2,2,10,4,0,2,0,0,1,1,5,2,0,1,0,0,32,26,11,6,8,11,7,9,6,0,1,1,5,9,4,6,6,4,1,0,0,0,14,23,22,18,24,41,21,12,20,15,9,3,42.6,57.4,W. Smith (SJS),L. Cagnoni (SJS),M. Celebrini (SJS)
2026-10-02,2026020017,20262027,2,2026-10-02T22:30:00Z,Little Caesars Arena,REG,NYR,DET,NYR,0,2,0,1,0,0,0,1,0,0,10,6,6,4,2,2,2,0,0,0,3,2,1,1,1,0,0,0,22,21,11,8,9,7,2,6,0,0,0,1,2,4,2,4,5,3,0,0,0,1,7,10,15,11,29,26,12,13,13,11,3,5,53.8,46.2,D. Garand (NYR),S. Durzi (NYR),E. Tolvanen (NYR)
2026-10-02,2026020018,20262027,2,2026-10-02T23:00:00Z,Lenovo Center,REG,WSH,CAR,WSH,2,5,0,3,1,2,1,0,0,0,8,16,2,2,2,8,4,6,0,0,1,1,1,4,2,3,0,0,33,27,11,15,16,9,6,3,0,0,1,1,15,2,6,2,4,8,0,0,0,0,19,7,18,16,32,19,9,28,12,18,3,3,46.8,53.2,A. Tuch (WSH),L. Thompson (WSH),J. Chychrun (WSH)
2026-10-02,2026020019,20262027,2,2026-10-03T00:00:00Z,Canada Life Centre,OT,BOS,WPG,BOS,3,4,1,2,2,0,0,1,0,1,6,8,0,2,6,4,0,2,0,0,0,1,3,2,0,1,0,0,33,30,12,9,12,8,8,12,1,1,1,0,7,1,3,2,3,4,0,0,0,0,21,22,11,13,17,26,20,13,17,24,5,8,48.3,51.7,K. Connor (WPG),S. Skinner (WPG),J. Swayman (BOS)
2026-10-02,2026020020,20262027,2,2026-10-03T01:00:00Z,American Airlines Center,REG,STL,DAL,STL,0,4,0,1,0,1,0,2,0,0,10,6,0,2,4,4,6,0,0,0,0,1,2,2,3,0,0,0,25,24,7,11,10,5,8,8,0,0,0,0,4,3,4,4,5,3,0,0,0,2,18,6,15,26,21,18,19,12,16,17,2,2,62.1,37.9,J. Hofer (STL),M. McTavish (STL),D. Dvorsky (STL)
2026-10-02,2026020021,20262027,2,2026-10-03T02:00:00Z,T-Mobile Arena,REG,ANA,VGK,ANA,3,4,0,1,0,3,3,0,0,0,4,6,2,4,2,0,0,2,0,0,1,2,1,0,0,1,0,0,30,20,8,7,9,7,13,6,0,0,1,0,4,2,3,2,2,3,0,0,0,0,15,12,4,6,18,25,14,16,15,20,3,4,57.1,42.9,L. Carlsson (ANA),S. Theodore (VGK),L. Dostal (ANA)
2026-10-03,2026020022,20262027,2,2026-10-03T23:00:00Z,KeyBank Center,REG,BUF,BUF,CHI,4,3,1,2,1,1,2,0,0,0,4,6,0,0,2,2,2,4,0,0,0,0,1,1,1,2,0,0,28,15,13,5,8,4,7,6,0,0,0,0,1,0,3,2,2,3,0,0,0,0,23,15,4,6,29,18,8,11,22,18,3,4,52.5,47.5,J.Kulich (BUF),J. Quinn (BUF),R. Dahlin (BUF)
2026-10-03,2026020023,20262027,2,2026-10-03T23:00:00Z,Scotiabank Arena,REG,OTT,TOR,OTT,2,3,0,1,2,1,0,1,0,0,10,10,0,0,6,6,4,4,0,0,0,0,3,3,2,2,0,0,29,29,10,9,14,4,5,16,0,0,1,0,3,7,4,4,5,5,0,0,0,0,19,15,10,10,18,29,10,20,19,15,4,1,43.1,56.9,T. Chabot (OTT),C. Giroux (OTT),K. Marchenko (TOR)
2026-10-03,2026020024,20262027,2,2026-10-03T23:00:00Z,Benchmark International Arena,REG,TBL,TBL,WSH,3,1,2,0,0,1,1,0,0,0,8,10,2,2,2,4,4,4,0,0,1,1,1,2,2,2,0,0,30,21,14,5,7,7,9,9,0,0,0,0,3,2,3,2,4,5,0,0,1,0,18,20,13,25,30,24,19,14,20,12,5,3,62.5,37.5,A. Vasilevskiy (TBL),B. Hagel (TBL),E. Lilleberg (TBL)
2026-10-03,2026020025,20262027,2,2026-10-03T23:00:00Z,Xfinity Mobile Arena,OT,CAR,PHI,CAR,2,3,1,1,1,0,0,1,0,1,6,8,2,4,2,0,2,4,2,0,1,2,1,0,1,2,1,0,18,40,6,13,6,17,5,9,1,1,0,1,2,6,4,3,3,4,0,0,0,0,10,21,8,8,29,13,17,14,14,20,3,4,49.2,50.8,S. Gostisbehere (CAR),S. Aho (CAR),O. Tippett (PHI)
2026-10-03,2026020026,20262027,2,2026-10-03T23:00:00Z,PPG Paints Arena,OT,PIT,PIT,MTL,6,5,1,1,4,1,0,3,1,0,8,12,2,2,4,8,2,2,0,0,1,1,2,4,1,1,0,0,30,25,9,8,15,7,5,10,1,0,2,0,8,2,4,2,4,6,0,0,0,0,10,20,8,12,9,28,20,12,13,8,5,5,44.1,55.9,T. Novak (PIT),N. Suzuki (MTL),E. Malkin (PIT)
2026-10-03,2026020027,20262027,2,2026-10-03T23:00:00Z,Nationwide Arena,REG,UTA,CBJ,UTA,1,4,0,2,1,0,0,2,0,0,8,4,4,0,0,0,4,4,0,0,2,0,0,0,2,2,0,0,18,31,4,13,7,7,7,11,0,0,0,3,2,8,2,4,4,2,0,0,0,0,16,17,8,4,21,26,23,16,23,24,8,5,55.7,44.3,D. Guenther (UTA),N. Schmaltz (UTA),M. Sergachev (UTA)
2026-10-03,2026020028,20262027,2,2026-10-03T23:00:00Z,Rogers Place,REG,EDM,EDM,SEA,3,1,1,0,0,1,2,0,0,0,8,10,4,10,2,0,2,0,0,0,2,5,1,0,1,0,0,0,25,20,10,5,4,11,11,4,0,0,0,1,6,2,3,2,4,5,0,0,1,0,17,8,23,25,31,18,8,18,16,16,7,3,54.4,45.6,D. Levi (EDM),L. Draisaitl (EDM),J. Eberle (SEA)
2026-10-03,2026020029,20262027,2,2026-10-03T23:30:00Z,UBS Arena,REG,NYI,NYI,NJD,6,0,0,0,3,0,3,0,0,0,10,6,4,4,2,2,4,0,0,0,2,2,1,1,2,0,0,0,32,37,9,7,12,19,11,11,0,0,1,0,6,5,3,5,5,3,1,0,0,0,10,20,10,6,25,15,14,8,21,17,9,3,57.1,42.9,V. Eklund (NYI),I. Sorokin (NYI),B. Schenn (NYI)
2026-10-03,2026020030,20262027,2,2026-10-04T00:00:00Z,Bridgestone Arena,REG,NSH,NSH,DAL,2,1,2,1,0,0,0,0,0,0,2,6,0,4,2,2,0,0,0,0,0,2,1,1,0,0,0,0,26,30,15,9,5,9,6,12,0,0,2,0,3,5,3,1,1,3,0,0,0,0,13,17,2,6,21,29,15,13,11,11,7,2,53.7,46.3,S. Stamkos (NSH),J. Saros (NSH),R. O'Reilly (NSH)
2026-10-03,2026020031,20262027,2,2026-10-04T00:00:00Z,Grand Casino Arena,REG,MIN,MIN,BOS,4,1,0,1,2,0,2,0,0,0,6,6,0,0,2,6,4,0,0,0,0,0,1,3,2,0,0,0,30,27,6,8,15,6,9,13,0,0,2,0,6,5,3,3,3,3,0,0,1,0,8,12,6,6,14,16,11,13,20,24,6,4,51.7,48.3,J. Wallstedt (MIN),Q. Hughes (MIN),J. Brodin (MIN)
2026-10-03,2026020032,20262027,2,2026-10-04T01:00:00Z,Ball Arena,REG,COL,COL,STL,6,1,2,0,4,0,0,1,0,0,4,8,0,2,4,2,0,4,0,0,0,1,2,1,0,2,0,0,36,26,15,4,7,11,14,11,0,0,0,0,8,3,4,2,2,4,0,0,0,0,13,12,4,8,16,28,15,14,17,10,4,3,56.1,43.9,M. Necas (COL),N. MacKinnon (COL),A. Lehkonen (COL)
2026-10-03,2026020033,20262027,2,2026-10-04T02:00:00Z,Rogers Arena,REG,VAN,VAN,CGY,4,1,0,1,0,0,4,0,0,0,6,12,2,4,0,4,4,4,0,0,1,2,0,2,2,2,0,0,26,24,5,11,9,8,12,5,0,0,0,1,3,2,5,2,3,6,0,0,1,0,13,17,21,37,34,28,21,22,18,20,4,4,47.4,52.6,L. Ohgren (VAN),L. Meriläinen (VAN),T. Willander (VAN)
2026-10-03,2026020034,20262027,2,2026-10-04T02:00:00Z,SAP Center at San Jose,OT,SJS,SJS,LAK,5,4,0,1,3,1,1,2,1,0,6,4,2,4,2,0,2,0,0,0,1,2,1,0,1,0,0,0,25,35,6,10,9,10,8,14,2,1,1,2,4,3,2,3,3,2,0,0,0,0,10,22,6,4,23,19,11,12,25,19,5,3,46.9,53.1,I. Chernyshov (SJS),Q. Byfield (LAK),T. Toffoli (SJS)
2026-10-04,2026020035,20262027,2,2026-10-04T17:00:00Z,Little Caesars Arena,REG,WPG,DET,WPG,2,3,0,2,1,1,1,0,0,0,8,10,4,4,2,4,2,2,0,0,2,2,1,2,1,1,0,0,35,27,13,11,13,9,9,7,0,0,1,3,9,8,5,4,4,5,0,0,0,0,23,14,13,15,25,20,11,15,10,19,2,2,59.3,40.7,K. Connor (WPG),C. Perfetti (WPG),V. Arvidsson (DET)
2026-10-04,2026020036,20262027,2,2026-10-04T22:00:00Z,Madison Square Garden,REG,NYR,NYR,UTA,4,2,1,0,0,1,3,1,0,0,8,12,4,6,4,4,0,2,0,0,2,3,2,2,0,1,0,0,22,30,5,6,8,9,9,15,0,0,0,1,2,2,4,2,4,6,0,0,1,0,13,13,13,17,23,29,23,17,18,13,3,4,54.2,45.8,V. Gavrikov (NYR),J. Miller (NYR),I. Shesterkin (NYR)
2026-10-04,2026020037,20262027,2,2026-10-05T00:00:00Z,Honda Center,OT,ANA,ANA,FLA,3,2,1,1,1,0,0,1,1,0,8,6,2,6,2,0,4,0,0,2,1,3,1,0,2,0,0,1,21,31,6,9,8,9,3,9,4,4,2,0,2,7,3,4,4,3,0,0,0,0,8,19,8,8,26,27,20,11,14,23,3,5,44.8,55.2,C. Gauthier (ANA),M. Granlund (ANA),N. Warren (ANA)
2026-10-04,2026020038,20262027,2,2026-10-05T00:00:00Z,Climate Pledge Arena,REG,SEA,SEA,CGY,6,1,3,0,2,0,1,1,0,0,6,0,2,0,0,0,4,0,0,0,1,0,0,0,2,0,0,0,27,33,8,11,8,10,11,12,0,0,0,1,0,4,0,2,3,0,0,0,0,0,18,23,6,0,21,29,22,7,20,14,4,6,50.8,49.2,M. Samoskevich (SEA),J. Daccord (SEA),B. Catton (SEA)
2026-10-04,2026020039,20262027,2,2026-10-05T01:00:00Z,Rogers Arena,REG,VGK,VAN,VGK,2,3,1,0,1,3,0,0,0,0,10,6,4,4,4,0,2,2,0,0,2,2,2,0,1,1,0,0,20,28,6,12,5,14,9,2,0,0,1,1,2,8,3,5,5,3,0,0,0,0,8,12,10,6,25,19,20,7,16,19,4,2,50.0,50.0,M. Marner (VGK),V. Olofsson (VGK),E. Pettersson (VAN)
2026-10-05,2026020040,20262027,2,2026-10-05T23:00:00Z,Benchmark International Arena,REG,TBL,TBL,PHI,4,1,1,0,1,1,2,0,0,0,6,6,0,4,4,0,2,2,0,0,0,2,2,0,1,1,0,0,36,14,10,3,11,7,15,4,0,0,0,0,4,3,3,3,3,3,0,0,1,0,14,11,11,11,15,23,11,19,10,16,3,5,46.0,54.0,P. Holmberg (TBL),I. Mikheyev (TBL),A. Vasilevskiy (TBL)
2026-10-05,2026020041,20262027,2,2026-10-05T23:30:00Z,TD Garden,REG,OTT,BOS,OTT,1,4,0,2,0,2,1,0,0,0,8,8,4,4,2,4,2,0,0,0,2,2,1,2,1,0,0,0,19,24,5,7,5,6,9,11,0,0,0,0,3,0,4,4,4,4,0,1,0,0,14,13,28,18,34,32,11,10,21,14,5,4,51.6,48.4,T. Stützle (OTT),M. Amadio (OTT),D. Batherson (OTT)
2026-10-05,2026020042,20262027,2,2026-10-05T23:30:00Z,PPG Paints Arena,REG,WPG,PIT,WPG,2,3,0,0,1,0,1,3,0,0,2,4,0,2,2,2,0,0,0,0,0,1,1,1,0,0,0,0,32,34,12,13,11,8,9,13,0,0,0,0,2,1,2,1,1,2,0,0,0,0,16,14,2,4,11,23,10,14,22,20,5,3,54.7,45.3,C. Perfetti (WPG),A. Iafallo (WPG),D. Carlile (PIT)
2026-10-05,2026020043,20262027,2,2026-10-06T00:00:00Z,American Airlines Center,REG,DAL,DAL,SJS,5,0,1,0,3,0,1,0,0,0,4,6,0,2,2,2,2,2,0,0,0,1,1,1,1,1,0,0,26,13,11,2,9,5,6,6,0,0,0,0,6,3,3,2,2,3,0,0,0,0,17,7,4,6,11,30,13,21,10,18,2,5,56.8,43.2,J. Benn (DAL),J. Oettinger (DAL),M. Heiskanen (DAL)
2026-10-06,2026020044,20262027,2,2026-10-06T23:00:00Z,Scotiabank Arena,OT,TOR,TOR,NSH,5,4,0,2,3,2,1,0,1,0,2,6,2,2,0,4,0,0,0,0,1,1,0,2,0,0,0,0,37,25,8,11,13,7,12,6,4,1,1,1,6,2,3,1,1,3,0,0,0,0,16,14,2,6,20,22,11,16,14,20,5,5,64.2,35.8,G. McKenna (TOR),A. Matthews (TOR),W. Nylander (TOR)
2026-10-06,2026020045,20262027,2,2026-10-06T23:00:00Z,Centre Bell,REG,CAR,MTL,CAR,4,6,3,2,0,2,1,2,0,0,14,16,4,8,8,6,2,2,0,0,2,4,4,3,1,1,0,0,20,34,6,12,4,17,10,5,0,0,1,1,5,3,6,5,7,8,0,0,0,1,9,15,14,16,20,30,16,9,19,15,5,2,45.6,54.4,T. Hall (CAR),Z. Bolduc (MTL),S. Aho (CAR)
2026-10-06,2026020046,20262027,2,2026-10-06T23:00:00Z,Little Caesars Arena,REG,DET,DET,OTT,5,3,2,1,2,1,1,1,0,0,18,18,4,2,12,12,2,4,0,0,2,1,6,6,1,2,0,0,36,25,13,2,12,14,11,9,0,0,2,1,7,5,5,5,9,9,0,0,1,0,9,10,18,18,28,31,16,16,17,15,6,5,47.5,52.5,D. Larkin (DET),A. DeBrincat (DET),V. Arvidsson (DET)
2026-10-06,2026020047,20262027,2,2026-10-06T23:00:00Z,Prudential Center,REG,UTA,NJD,UTA,3,5,1,1,1,3,1,1,0,0,8,10,4,6,2,2,2,2,0,0,2,3,1,1,1,1,0,0,33,31,11,8,10,14,12,9,0,0,1,2,10,10,5,4,4,5,0,0,0,0,11,15,13,15,10,24,14,21,22,24,5,3,48.6,51.4,M. Sergachev (UTA),N. Schmaltz (UTA),L. Evangelista (NJD)
2026-10-06,2026020049,20262027,2,2026-10-06T23:00:00Z,KeyBank Center,OT,BUF,BUF,MIN,3,2,0,0,0,2,2,0,1,0,8,4,4,2,4,0,0,2,0,0,2,1,2,0,0,1,0,0,28,20,4,4,8,8,11,5,5,3,0,1,2,1,2,4,4,2,0,0,0,0,17,10,8,4,12,26,16,17,18,20,3,3,55.6,44.4,O. Power (BUF),T. Thompson (BUF),N. Ostlund (BUF)
2026-10-06,2026020048,20262027,2,2026-10-06T23:30:00Z,Madison Square Garden,REG,NYR,NYR,NYI,5,2,1,0,2,2,2,0,0,0,10,8,4,2,4,4,2,2,0,0,2,1,2,2,1,1,0,0,24,19,5,9,7,5,12,5,0,0,1,1,5,3,3,4,5,4,0,0,2,0,16,12,20,18,27,18,14,14,13,12,6,2,50.0,50.0,O. Bjorkstrand (NYR),A. Lafrenière (NYR),M. Zibanejad (NYR)
2026-10-06,2026020050,20262027,2,2026-10-07T00:00:00Z,United Center,REG,CHI,CHI,STL,4,2,0,1,2,0,2,1,0,0,4,4,2,2,0,2,2,0,0,0,1,1,0,1,1,0,0,0,21,28,7,6,10,8,4,14,0,0,1,1,4,6,2,2,2,2,1,0,2,0,12,18,4,4,18,28,13,8,17,18,3,3,45.2,51.6,S. Knight (CHI),A. Frondell (CHI),S. Rinzel (CHI)
2026-10-06,2026020051,20262027,2,2026-10-07T01:40:00Z,Climate Pledge Arena,REG,VGK,SEA,VGK,2,6,0,2,0,3,2,1,0,0,8,12,4,2,0,4,4,6,0,0,2,1,0,2,2,3,0,0,27,28,11,9,8,12,8,7,0,0,1,2,8,7,5,5,4,6,0,1,0,0,8,16,43,22,17,16,14,12,12,22,7,2,51.5,48.5,T. Hertl (VGK),J. Eichel (VGK),V. Olofsson (VGK)
2026-10-06,2026020052,20262027,2,2026-10-07T02:00:00Z,Crypto.com Arena,REG,FLA,LAK,FLA,1,2,1,0,0,1,0,1,0,0,12,10,2,8,8,0,2,2,0,0,1,4,4,0,1,1,0,0,20,28,6,7,10,12,4,9,0,0,0,0,5,9,5,6,6,5,0,0,0,0,12,18,17,15,13,33,17,14,27,15,6,2,54.2,45.8,M. Tkachuk (FLA),A. Laferriere (LAK),S. Jones (FLA)
2026-10-07,2026020053,20262027,2,2026-10-07T23:30:00Z,Capital One Arena,REG,WSH,WSH,PIT,5,3,2,1,2,2,1,0,0,0,8,8,2,4,2,0,4,4,0,0,1,2,1,0,2,2,0,0,27,30,14,4,5,13,8,13,0,0,1,0,6,3,4,3,4,4,0,0,0,0,18,12,8,8,22,7,15,18,11,21,6,3,58.5,41.5,T. Wilson (WSH),P. Dubois (WSH),A. Tuch (WSH)
2026-10-07,2026020054,20262027,2,2026-10-07T23:30:00Z,Canada Life Centre,REG,WPG,WPG,COL,3,2,0,0,2,1,1,1,0,0,2,4,2,2,0,0,0,2,0,0,1,1,0,0,0,1,0,0,19,34,6,17,11,10,2,7,0,0,0,0,0,5,2,1,1,2,0,0,0,0,17,22,2,4,20,19,12,12,17,18,4,8,49.2,50.8,S. Skinner (WPG),K. Connor (WPG),J. Schwartz (COL)
2026-10-07,2026020055,20262027,2,2026-10-08T02:00:00Z,Honda Center,REG,EDM,ANA,EDM,2,5,2,0,0,5,0,0,0,0,10,16,4,4,4,6,2,6,0,0,2,2,2,3,1,3,0,0,31,19,16,6,5,11,10,2,0,0,2,1,11,3,7,4,5,8,0,0,0,0,22,15,10,16,29,28,9,18,15,15,3,2,41.5,58.5,E. Bouchard (EDM),C. McDavid (EDM),B. Sennecke (ANA)
2026-10-08,2026020056,20262027,2,2026-10-08T23:00:00Z,TD Garden,REG,BOS,BOS,UTA,6,1,3,0,3,0,0,1,0,0,14,8,2,2,10,4,2,2,0,0,1,1,5,2,1,1,0,0,22,37,9,17,7,13,6,7,0,0,3,0,3,11,4,7,7,4,0,0,0,0,7,19,14,8,23,19,23,6,18,12,6,3,46.4,53.6,D. Pastrnak (BOS),J. Swayman (BOS),M. Geekie (BOS)
2026-10-08,2026020057,20262027,2,2026-10-08T23:00:00Z,KeyBank Center,REG,DAL,BUF,DAL,0,4,0,1,0,3,0,0,0,0,4,6,2,0,2,4,0,2,0,0,1,0,1,2,0,1,0,0,26,18,5,8,10,7,11,3,0,0,0,1,4,4,3,2,2,3,0,0,0,0,18,12,4,6,23,22,8,17,18,22,3,6,37.7,62.3,M. Rantanen (DAL),W. Johnston (DAL),R. Hintz (DAL)
2026-10-08,2026020058,20262027,2,2026-10-08T23:00:00Z,Centre Bell,REG,NSH,MTL,NSH,2,5,0,0,2,2,0,3,0,0,10,6,2,2,6,2,2,2,0,0,1,1,3,1,1,1,0,0,34,20,11,5,14,8,9,7,0,0,0,2,1,8,3,5,5,3,0,0,0,2,16,15,20,6,15,18,9,16,14,21,3,5,50.9,49.1,J. Saros (NSH),R. O'Reilly (NSH),J. Anderson (MTL)
2026-10-08,2026020059,20262027,2,2026-10-08T23:00:00Z,Canadian Tire Centre,REG,OTT,OTT,PHI,2,1,1,0,0,1,1,0,0,0,8,10,2,8,2,0,4,2,0,0,1,4,1,0,2,1,0,0,26,29,8,11,9,11,9,7,0,0,1,1,6,5,5,4,4,5,0,0,0,0,10,12,8,10,23,22,20,11,15,9,3,4,52.8,47.2,T. Chabot (OTT),C. Yakemchuk (OTT),L. Ullmark (OTT)
2026-10-08,2026020060,20262027,2,2026-10-08T23:00:00Z,Benchmark International Arena,REG,TBL,TBL,MIN,3,2,2,0,1,2,0,0,0,0,4,6,0,2,4,4,0,0,0,0,0,1,2,2,0,0,0,0,35,36,14,9,10,12,11,15,0,0,1,1,4,4,3,2,2,3,0,0,0,0,15,11,4,6,12,24,14,20,10,14,3,4,43.1,56.9,J. Carlson (TBL),D. Hildeby (TBL),J. Wallstedt (MIN)
2026-10-08,2026020061,20262027,2,2026-10-08T23:00:00Z,Lenovo Center,REG,CAR,CAR,VAN,7,2,3,0,3,1,1,1,0,0,8,6,4,4,2,2,2,0,0,0,2,2,1,1,1,0,0,0,34,20,7,3,11,11,16,6,0,0,3,0,6,7,3,4,4,3,1,0,0,0,12,9,8,6,18,20,9,7,26,13,5,5,43.2,56.8,L. Stankoven (CAR),S. Walker (CAR),A. Svechnikov (CAR)
2026-10-08,2026020062,20262027,2,2026-10-08T23:30:00Z,UBS Arena,REG,NYI,NYI,CHI,4,1,1,0,2,0,1,1,0,0,8,6,4,4,2,0,2,2,0,0,2,2,1,0,1,1,0,0,19,23,6,5,7,11,6,7,0,0,1,0,5,2,4,3,4,3,0,0,1,0,8,12,18,26,25,15,17,10,19,19,5,3,59.2,40.8,B. Horvat (NYI),A. Duclair (NYI),L. Stanley (NYI)
2026-10-08,2026020063,20262027,2,2026-10-09T00:00:00Z,Enterprise Center,OT,SJS,STL,SJS,2,3,1,0,0,1,1,1,0,1,8,4,2,2,6,2,0,0,0,0,1,1,3,1,0,0,0,0,26,27,11,3,12,12,3,11,0,1,0,0,2,5,2,4,4,2,1,0,0,0,13,11,8,4,24,37,12,14,16,21,4,3,50.8,49.2,T. Toffoli (SJS),D. Nurse (SJS),M. McTavish (STL)
2026-10-08,2026020064,20262027,2,2026-10-09T01:00:00Z,Scotiabank Saddledome,REG,COL,CGY,COL,3,7,1,1,0,3,2,3,0,0,6,4,2,2,2,2,2,0,0,0,1,1,1,1,1,0,0,0,29,30,8,6,11,13,10,11,0,0,0,0,1,1,2,3,3,2,0,0,0,0,17,16,11,9,23,18,15,14,18,23,3,5,41.4,58.6,C. Makar (COL),N. MacKinnon (COL),D. Toews (COL)
2026-10-08,2026020065,20262027,2,2026-10-09T02:00:00Z,T-Mobile Arena,SO,VGK,VGK,TOR,4,3,1,3,2,0,0,0,0,0,2,8,0,2,2,4,0,2,0,0,0,1,1,2,0,1,0,0,43,24,7,9,21,8,11,4,4,3,0,0,7,1,4,1,1,4,0,0,0,0,21,10,2,8,27,13,15,16,17,19,3,6,40.3,59.7,T. Connelly (VGK),J. Eichel (VGK),M. Stone (VGK)
