datums,game_id,sezona,loma,vards,home_team,away_team,pen_home,pen_away,pen_total,pen_p1,pen_p2,pen_p3,pim_home,pim_away
2026-09-29,2026020001,20262027,referee,Chris Rooney,CAR,FLA,7,6,13,2,9,2,14,12
2026-09-29,2026020001,20262027,referee,Jake Brenk,CAR,FLA,7,6,13,2,9,2,14,12
2026-09-29,2026020001,20262027,linesman,Libor Suchanek,CAR,FLA,7,6,13,2,9,2,14,12
2026-09-29,2026020001,20262027,linesman,Ryan Daisy,CAR,FLA,7,6,13,2,9,2,14,12
2026-09-29,2026020002,20262027,referee,Jon McIsaac,TOR,MTL,4,4,8,2,3,3,8,8
2026-09-29,2026020002,20262027,referee,Francis Charron,TOR,MTL,4,4,8,2,3,3,8,8
2026-09-29,2026020002,20262027,linesman,Brandon Gawryletz,TOR,MTL,4,4,8,2,3,3,8,8
2026-09-29,2026020002,20262027,linesman,Kiel Murchison,TOR,MTL,4,4,8,2,3,3,8,8
2026-09-29,2026020003,20262027,referee,Wes McCauley,BOS,NYR,1,1,2,2,0,0,2,2
2026-09-29,2026020003,20262027,referee,Furman South,BOS,NYR,1,1,2,2,0,0,2,2
2026-09-29,2026020003,20262027,linesman,Scott Cherrey,BOS,NYR,1,1,2,2,0,0,2,2
2026-09-29,2026020003,20262027,linesman,Julien Fournier,BOS,NYR,1,1,2,2,0,0,2,2
2026-09-29,2026020004,20262027,referee,Eric Furlatt,EDM,VAN,2,4,6,2,0,4,4,8
2026-09-29,2026020004,20262027,referee,Peter MacDougall,EDM,VAN,2,4,6,2,0,4,4,8
2026-09-29,2026020004,20262027,linesman,Joe Mahon,EDM,VAN,2,4,6,2,0,4,4,8
2026-09-29,2026020004,20262027,linesman,Mark Shewchyk,EDM,VAN,2,4,6,2,0,4,4,8
2026-09-29,2026020005,20262027,referee,Kyle Rehman,VGK,CHI,2,3,5,2,1,2,4,6
2026-09-29,2026020005,20262027,referee,Graham Skilliter,VGK,CHI,2,3,5,2,1,2,4,6
2026-09-29,2026020005,20262027,linesman,Matt MacPherson,VGK,CHI,2,3,5,2,1,2,4,6
2026-09-29,2026020005,20262027,linesman,Jonny Murray,VGK,CHI,2,3,5,2,1,2,4,6
2026-09-30,2026020006,20262027,referee,Frederick L'Ecuyer,PHI,PIT,5,4,9,1,5,3,10,8
2026-09-30,2026020006,20262027,referee,Justin Kea,PHI,PIT,5,4,9,1,5,3,10,8
2026-09-30,2026020006,20262027,linesman,Scott Cherrey,PHI,PIT,5,4,9,1,5,3,10,8
2026-09-30,2026020006,20262027,linesman,Julien Fournier,PHI,PIT,5,4,9,1,5,3,10,8
2026-09-30,2026020008,20262027,referee,Trevor Hanson,TOR,NYI,4,4,8,2,3,3,8,8
2026-09-30,2026020008,20262027,referee,Brandon Blandina,TOR,NYI,4,4,8,2,3,3,8,8
2026-09-30,2026020008,20262027,linesman,Brandon Gawryletz,TOR,NYI,4,4,8,2,3,3,8,8
2026-09-30,2026020008,20262027,linesman,Kiel Murchison,TOR,NYI,4,4,8,2,3,3,8,8
2026-09-30,2026020007,20262027,referee,Francois St-Laurent,COL,LAK,4,5,9,5,2,2,8,10
2026-09-30,2026020007,20262027,referee,Carter Sandlak,COL,LAK,4,5,9,5,2,2,8,10
2026-09-30,2026020007,20262027,linesman,Matt MacPherson,COL,LAK,4,5,9,5,2,2,8,10
2026-09-30,2026020007,20262027,linesman,Jonny Murray,COL,LAK,4,5,9,5,2,2,8,10
2026-10-01,2026020009,20262027,referee,Wes McCauley,NJD,PHI,1,4,5,3,1,1,2,8
2026-10-01,2026020009,20262027,referee,Furman South,NJD,PHI,1,4,5,3,1,1,2,8
2026-10-01,2026020009,20262027,linesman,Kyle Flemington,NJD,PHI,1,4,5,3,1,1,2,8
2026-10-01,2026020009,20262027,linesman,Jonathan Deschamps,NJD,PHI,1,4,5,3,1,1,2,8
2026-10-01,2026020010,20262027,referee,Frederick L'Ecuyer,NYR,TBL,8,3,11,3,3,5,16,6
2026-10-01,2026020010,20262027,referee,Morgan MacPhee,NYR,TBL,8,3,11,3,3,5,16,6
2026-10-01,2026020010,20262027,linesman,Travis Gawryletz,NYR,TBL,8,3,11,3,3,5,16,6
2026-10-01,2026020010,20262027,linesman,Ryan Daisy,NYR,TBL,8,3,11,3,3,5,16,6
2026-10-01,2026020011,20262027,referee,Jon McIsaac,CBJ,BUF,5,3,8,3,3,2,10,6
2026-10-01,2026020011,20262027,referee,Francis Charron,CBJ,BUF,5,3,8,3,3,2,10,6
2026-10-01,2026020011,20262027,linesman,Libor Suchanek,CBJ,BUF,5,3,8,3,3,2,10,6
2026-10-01,2026020011,20262027,linesman,Jesse Marquis,CBJ,BUF,5,3,8,3,3,2,10,6
2026-10-01,2026020012,20262027,referee,Chris Rooney,NSH,MIN,4,4,8,4,2,2,8,8
2026-10-01,2026020012,20262027,referee,Jake Brenk,NSH,MIN,4,4,8,4,2,2,8,8
2026-10-01,2026020012,20262027,linesman,Ryan Gibbons,NSH,MIN,4,4,8,4,2,2,8,8
2026-10-01,2026020012,20262027,linesman,Ben O'Quinn,NSH,MIN,4,4,8,4,2,2,8,8
2026-10-01,2026020014,20262027,referee,Eric Furlatt,CGY,SEA,6,2,8,3,5,0,12,4
2026-10-01,2026020014,20262027,referee,Peter MacDougall,CGY,SEA,6,2,8,3,5,0,12,4
2026-10-01,2026020014,20262027,linesman,Joe Mahon,CGY,SEA,6,2,8,3,5,0,12,4
2026-10-01,2026020014,20262027,linesman,Mark Shewchyk,CGY,SEA,6,2,8,3,5,0,12,4
2026-10-01,2026020013,20262027,referee,Francois St-Laurent,UTA,CHI,4,4,8,1,6,1,8,8
2026-10-01,2026020013,20262027,referee,Carter Sandlak,UTA,CHI,4,4,8,1,6,1,8,8
2026-10-01,2026020013,20262027,linesman,Tommy Hughes,UTA,CHI,4,4,8,1,6,1,8,8
2026-10-01,2026020013,20262027,linesman,Travis Toomey,UTA,CHI,4,4,8,1,6,1,8,8
2026-10-01,2026020015,20262027,referee,Pierre Lambert,VAN,EDM,5,3,8,3,2,3,10,6
2026-10-01,2026020015,20262027,referee,Michael Markovic,VAN,EDM,5,3,8,3,2,3,10,6
2026-10-01,2026020015,20262027,linesman,Bevan Mills,VAN,EDM,5,3,8,3,2,3,10,6
2026-10-01,2026020015,20262027,linesman,Jeremy Faucher,VAN,EDM,5,3,8,3,2,3,10,6
2026-10-01,2026020016,20262027,referee,Kyle Rehman,SJS,FLA,6,4,10,2,7,1,12,8
2026-10-01,2026020016,20262027,referee,Graham Skilliter,SJS,FLA,6,4,10,2,7,1,12,8
2026-10-01,2026020016,20262027,linesman,Andrew Smith,SJS,FLA,6,4,10,2,7,1,12,8
2026-10-01,2026020016,20262027,linesman,Dan Kelly,SJS,FLA,6,4,10,2,7,1,12,8
2026-10-02,2026020017,20262027,referee,Kelly Sutherland,DET,NYR,5,3,8,5,2,1,10,6
2026-10-02,2026020017,20262027,referee,Trevor Hanson,DET,NYR,5,3,8,5,2,1,10,6
2026-10-02,2026020017,20262027,linesman,Libor Suchanek,DET,NYR,5,3,8,5,2,1,10,6
2026-10-02,2026020017,20262027,linesman,Kilian McNamara,DET,NYR,5,3,8,5,2,1,10,6
2026-10-02,2026020018,20262027,referee,Gord Dwyer,CAR,WSH,4,8,12,2,5,5,8,16
2026-10-02,2026020018,20262027,referee,Justin Kea,CAR,WSH,4,8,12,2,5,5,8,16
2026-10-02,2026020018,20262027,linesman,Shandor Alphonso,CAR,WSH,4,8,12,2,5,5,8,16
2026-10-02,2026020018,20262027,linesman,Ryan Jackson,CAR,WSH,4,8,12,2,5,5,8,16
2026-10-02,2026020019,20262027,referee,Eric Furlatt,WPG,BOS,3,4,7,1,5,1,6,8
2026-10-02,2026020019,20262027,referee,Mike Sullivan,WPG,BOS,3,4,7,1,5,1,6,8
2026-10-02,2026020019,20262027,linesman,Brandon Gawryletz,WPG,BOS,3,4,7,1,5,1,6,8
2026-10-02,2026020019,20262027,linesman,Kiel Murchison,WPG,BOS,3,4,7,1,5,1,6,8
2026-10-02,2026020020,20262027,referee,Chris Rooney,DAL,STL,5,3,8,1,4,3,10,6
2026-10-02,2026020020,20262027,referee,Corey Syvret,DAL,STL,5,3,8,1,4,3,10,6
2026-10-02,2026020020,20262027,linesman,Ryan Gibbons,DAL,STL,5,3,8,1,4,3,10,6
2026-10-02,2026020020,20262027,linesman,Matt MacPherson,DAL,STL,5,3,8,1,4,3,10,6
2026-10-02,2026020021,20262027,referee,Thomas John Luxmore,VGK,ANA,2,3,5,3,1,1,4,6
2026-10-02,2026020021,20262027,referee,Stephen Hiff,VGK,ANA,2,3,5,3,1,1,4,6
2026-10-02,2026020021,20262027,linesman,Jonny Murray,VGK,ANA,2,3,5,3,1,1,4,6
2026-10-02,2026020021,20262027,linesman,Dan Kelly,VGK,ANA,2,3,5,3,1,1,4,6
2026-10-03,2026020022,20262027,referee,Cody Beach,BUF,CHI,2,3,5,0,2,3,4,6
2026-10-03,2026020022,20262027,referee,Frederick L'Ecuyer,BUF,CHI,2,3,5,0,2,3,4,6
2026-10-03,2026020022,20262027,linesman,Scott Cherrey,BUF,CHI,2,3,5,0,2,3,4,6
2026-10-03,2026020022,20262027,linesman,Anthony Lapointe,BUF,CHI,2,3,5,0,2,3,4,6
2026-10-03,2026020023,20262027,referee,Furman South,TOR,OTT,5,5,10,0,6,4,10,10
2026-10-03,2026020023,20262027,referee,Peter MacDougall,TOR,OTT,5,5,10,0,6,4,10,10
2026-10-03,2026020023,20262027,linesman,James Tobias,TOR,OTT,5,5,10,0,6,4,10,10
2026-10-03,2026020023,20262027,linesman,Ryan Daisy,TOR,OTT,5,5,10,0,6,4,10,10
2026-10-03,2026020024,20262027,referee,Jake Brenk,TBL,WSH,4,5,9,2,3,4,8,10
2026-10-03,2026020024,20262027,referee,Kendrick Nicholson,TBL,WSH,4,5,9,2,3,4,8,10
2026-10-03,2026020024,20262027,linesman,Kyle Flemington,TBL,WSH,4,5,9,2,3,4,8,10
2026-10-03,2026020024,20262027,linesman,Dylan Blujus,TBL,WSH,4,5,9,2,3,4,8,10
2026-10-03,2026020025,20262027,referee,Wes McCauley,PHI,CAR,3,4,7,3,1,3,6,8
2026-10-03,2026020025,20262027,referee,Morgan MacPhee,PHI,CAR,3,4,7,3,1,3,6,8
2026-10-03,2026020025,20262027,linesman,Jonathan Deschamps,PHI,CAR,3,4,7,3,1,3,6,8
2026-10-03,2026020025,20262027,linesman,Tyson Baker,PHI,CAR,3,4,7,3,1,3,6,8
2026-10-03,2026020026,20262027,referee,Trevor Hanson,PIT,MTL,4,6,10,2,6,2,8,12
2026-10-03,2026020026,20262027,referee,Liam Maaskant,PIT,MTL,4,6,10,2,6,2,8,12
2026-10-03,2026020026,20262027,linesman,Jesse Marquis,PIT,MTL,4,6,10,2,6,2,8,12
2026-10-03,2026020026,20262027,linesman,David Brisebois,PIT,MTL,4,6,10,2,6,2,8,12
2026-10-03,2026020027,20262027,referee,Kelly Sutherland,CBJ,UTA,4,2,6,2,0,4,8,4
2026-10-03,2026020027,20262027,referee,Brandon Schrader,CBJ,UTA,4,2,6,2,0,4,8,4
2026-10-03,2026020027,20262027,linesman,CJ Murray,CBJ,UTA,4,2,6,2,0,4,8,4
2026-10-03,2026020027,20262027,linesman,Kilian McNamara,CBJ,UTA,4,2,6,2,0,4,8,4
2026-10-03,2026020028,20262027,referee,Pierre Lambert,EDM,SEA,4,5,9,7,1,1,8,10
2026-10-03,2026020028,20262027,referee,Brandon Blandina,EDM,SEA,4,5,9,7,1,1,8,10
2026-10-03,2026020028,20262027,linesman,Mark Shewchyk,EDM,SEA,4,5,9,7,1,1,8,10
2026-10-03,2026020028,20262027,linesman,Jeremy Faucher,EDM,SEA,4,5,9,7,1,1,8,10
2026-10-03,2026020029,20262027,referee,Jean Hebert,NYI,NJD,5,3,8,4,2,2,10,6
2026-10-03,2026020029,20262027,referee,Graedy Hamilton,NYI,NJD,5,3,8,4,2,2,10,6
2026-10-03,2026020029,20262027,linesman,Travis Gawryletz,NYI,NJD,5,3,8,4,2,2,10,6
2026-10-03,2026020029,20262027,linesman,Caleb Apperson,NYI,NJD,5,3,8,4,2,2,10,6
2026-10-03,2026020030,20262027,referee,Garrett Rank,NSH,DAL,1,3,4,2,2,0,2,6
2026-10-03,2026020030,20262027,referee,Beau Halkidis,NSH,DAL,1,3,4,2,2,0,2,6
2026-10-03,2026020030,20262027,linesman,Shandor Alphonso,NSH,DAL,1,3,4,2,2,0,2,6
2026-10-03,2026020030,20262027,linesman,Ryan Jackson,NSH,DAL,1,3,4,2,2,0,2,6
2026-10-03,2026020031,20262027,referee,Francois St-Laurent,MIN,BOS,3,3,6,0,4,2,6,6
2026-10-03,2026020031,20262027,referee,Carter Sandlak,MIN,BOS,3,3,6,0,4,2,6,6
2026-10-03,2026020031,20262027,linesman,Brandon Gawryletz,MIN,BOS,3,3,6,0,4,2,6,6
2026-10-03,2026020031,20262027,linesman,Ben O'Quinn,MIN,BOS,3,3,6,0,4,2,6,6
2026-10-03,2026020032,20262027,referee,Thomas John Luxmore,COL,STL,2,4,6,1,3,2,4,8
2026-10-03,2026020032,20262027,referee,Stephen Hiff,COL,STL,2,4,6,1,3,2,4,8
2026-10-03,2026020032,20262027,linesman,Joe Mahon,COL,STL,2,4,6,1,3,2,4,8
2026-10-03,2026020032,20262027,linesman,Jonny Murray,COL,STL,2,4,6,1,3,2,4,8
2026-10-03,2026020033,20262027,referee,Tom Chmielewski,VAN,CGY,3,6,9,3,2,4,6,12
2026-10-03,2026020033,20262027,referee,Jordan Samuels Thomas,VAN,CGY,3,6,9,3,2,4,6,12
2026-10-03,2026020033,20262027,linesman,Andrew Smith,VAN,CGY,3,6,9,3,2,4,6,12
2026-10-03,2026020033,20262027,linesman,Trent Knorr,VAN,CGY,3,6,9,3,2,4,6,12
2026-10-03,2026020034,20262027,referee,Chris Schlenker,SJS,LAK,3,2,5,3,1,1,6,4
2026-10-03,2026020034,20262027,referee,Michael Markovic,SJS,LAK,3,2,5,3,1,1,6,4
2026-10-03,2026020034,20262027,linesman,Tommy Hughes,SJS,LAK,3,2,5,3,1,1,6,4
2026-10-03,2026020034,20262027,linesman,Travis Toomey,SJS,LAK,3,2,5,3,1,1,6,4
2026-10-04,2026020035,20262027,referee,Gord Dwyer,DET,WPG,4,5,9,4,3,2,8,10
2026-10-04,2026020035,20262027,referee,Corey Syvret,DET,WPG,4,5,9,4,3,2,8,10
2026-10-04,2026020035,20262027,linesman,Ryan Gibbons,DET,WPG,4,5,9,4,3,2,8,10
2026-10-04,2026020035,20262027,linesman,Brandon Grillo,DET,WPG,4,5,9,4,3,2,8,10
2026-10-04,2026020036,20262027,referee,Cody Beach,NYR,UTA,4,6,10,5,4,1,8,12
2026-10-04,2026020036,20262027,referee,Jean Hebert,NYR,UTA,4,6,10,5,4,1,8,12
2026-10-04,2026020036,20262027,linesman,Caleb Apperson,NYR,UTA,4,6,10,5,4,1,8,12
2026-10-04,2026020036,20262027,linesman,Jonathan Deschamps,NYR,UTA,4,6,10,5,4,1,8,12
2026-10-04,2026020037,20262027,referee,Chris Schlenker,ANA,FLA,4,3,7,4,1,2,8,6
2026-10-04,2026020037,20262027,referee,Michael Markovic,ANA,FLA,4,3,7,4,1,2,8,6
2026-10-04,2026020037,20262027,linesman,Tommy Hughes,ANA,FLA,4,3,7,4,1,2,8,6
2026-10-04,2026020037,20262027,linesman,Travis Toomey,ANA,FLA,4,3,7,4,1,2,8,6
2026-10-04,2026020038,20262027,referee,Tom Chmielewski,SEA,CGY,3,0,3,1,0,2,6,0
2026-10-04,2026020038,20262027,referee,Jordan Samuels Thomas,SEA,CGY,3,0,3,1,0,2,6,0
2026-10-04,2026020038,20262027,linesman,Trent Knorr,SEA,CGY,3,0,3,1,0,2,6,0
2026-10-04,2026020038,20262027,linesman,Dan Kelly,SEA,CGY,3,0,3,1,0,2,6,0
2026-10-04,2026020039,20262027,referee,Pierre Lambert,VAN,VGK,5,3,8,4,2,2,10,6
2026-10-04,2026020039,20262027,referee,Brandon Blandina,VAN,VGK,5,3,8,4,2,2,10,6
2026-10-04,2026020039,20262027,linesman,Kiel Murchison,VAN,VGK,5,3,8,4,2,2,10,6
2026-10-04,2026020039,20262027,linesman,Jeremy Faucher,VAN,VGK,5,3,8,4,2,2,10,6
2026-10-05,2026020040,20262027,referee,Garrett Rank,TBL,PHI,3,3,6,2,2,2,6,6
2026-10-05,2026020040,20262027,referee,Beau Halkidis,TBL,PHI,3,3,6,2,2,2,6,6
2026-10-05,2026020040,20262027,linesman,Shandor Alphonso,TBL,PHI,3,3,6,2,2,2,6,6
2026-10-05,2026020040,20262027,linesman,Kyle Flemington,TBL,PHI,3,3,6,2,2,2,6,6
2026-10-05,2026020041,20262027,referee,Frederick L'Ecuyer,BOS,OTT,4,4,8,4,3,1,8,8
2026-10-05,2026020041,20262027,referee,Corey Syvret,BOS,OTT,4,4,8,4,3,1,8,8
2026-10-05,2026020041,20262027,linesman,Tyson Baker,BOS,OTT,4,4,8,4,3,1,8,8
2026-10-05,2026020041,20262027,linesman,Kilian McNamara,BOS,OTT,4,4,8,4,3,1,8,8
2026-10-05,2026020042,20262027,referee,Gord Dwyer,PIT,WPG,1,2,3,1,2,0,2,4
2026-10-05,2026020042,20262027,referee,Brandon Schrader,PIT,WPG,1,2,3,1,2,0,2,4
2026-10-05,2026020042,20262027,linesman,Anthony Lapointe,PIT,WPG,1,2,3,1,2,0,2,4
2026-10-05,2026020042,20262027,linesman,David Brisebois,PIT,WPG,1,2,3,1,2,0,2,4
2026-10-05,2026020043,20262027,referee,Thomas John Luxmore,DAL,SJS,2,3,5,1,2,2,4,6
2026-10-05,2026020043,20262027,referee,Kendrick Nicholson,DAL,SJS,2,3,5,1,2,2,4,6
2026-10-05,2026020043,20262027,linesman,Dylan Blujus,DAL,SJS,2,3,5,1,2,2,4,6
2026-10-05,2026020043,20262027,linesman,Travis Gawryletz,DAL,SJS,2,3,5,1,2,2,4,6
2026-10-06,2026020044,20262027,referee,Pierre Lambert,TOR,NSH,1,3,4,2,2,0,2,6
2026-10-06,2026020044,20262027,referee,Justin Kea,TOR,NSH,1,3,4,2,2,0,2,6
2026-10-06,2026020044,20262027,linesman,Scott Cherrey,TOR,NSH,1,3,4,2,2,0,2,6
2026-10-06,2026020044,20262027,linesman,Bevan Mills,TOR,NSH,1,3,4,2,2,0,2,6
2026-10-06,2026020045,20262027,referee,Eric Furlatt,MTL,CAR,7,8,15,6,7,2,14,16
2026-10-06,2026020045,20262027,referee,Peter MacDougall,MTL,CAR,7,8,15,6,7,2,14,16
2026-10-06,2026020045,20262027,linesman,Caleb Apperson,MTL,CAR,7,8,15,6,7,2,14,16
2026-10-06,2026020045,20262027,linesman,Jeremy Faucher,MTL,CAR,7,8,15,6,7,2,14,16
2026-10-06,2026020046,20262027,referee,Cody Beach,DET,OTT,9,9,18,3,12,3,18,18
2026-10-06,2026020046,20262027,referee,Jean Hebert,DET,OTT,9,9,18,3,12,3,18,18
2026-10-06,2026020046,20262027,linesman,Anthony Lapointe,DET,OTT,9,9,18,3,12,3,18,18
2026-10-06,2026020046,20262027,linesman,David Brisebois,DET,OTT,9,9,18,3,12,3,18,18
2026-10-06,2026020047,20262027,referee,Jon McIsaac,NJD,UTA,4,5,9,5,2,2,8,10
2026-10-06,2026020047,20262027,referee,Jake Brenk,NJD,UTA,4,5,9,5,2,2,8,10
2026-10-06,2026020047,20262027,linesman,Julien Fournier,NJD,UTA,4,5,9,5,2,2,8,10
2026-10-06,2026020047,20262027,linesman,CJ Murray,NJD,UTA,4,5,9,5,2,2,8,10
2026-10-06,2026020049,20262027,referee,Gord Dwyer,BUF,MIN,4,2,6,3,2,1,8,4
2026-10-06,2026020049,20262027,referee,Brandon Schrader,BUF,MIN,4,2,6,3,2,1,8,4
2026-10-06,2026020049,20262027,linesman,Brandon Grillo,BUF,MIN,4,2,6,3,2,1,8,4
2026-10-06,2026020049,20262027,linesman,Mark Shewchyk,BUF,MIN,4,2,6,3,2,1,8,4
2026-10-06,2026020048,20262027,referee,Francis Charron,NYR,NYI,5,4,9,3,4,2,10,8
2026-10-06,2026020048,20262027,referee,Kyle Rehman,NYR,NYI,5,4,9,3,4,2,10,8
2026-10-06,2026020048,20262027,linesman,Ryan Jackson,NYR,NYI,5,4,9,3,4,2,10,8
2026-10-06,2026020048,20262027,linesman,Tyson Baker,NYR,NYI,5,4,9,3,4,2,10,8
2026-10-06,2026020050,20262027,referee,Kendrick Nicholson,CHI,STL,2,2,4,2,1,1,4,4
2026-10-06,2026020050,20262027,referee,Michael Markovic,CHI,STL,2,2,4,2,1,1,4,4
2026-10-06,2026020050,20262027,linesman,Tommy Hughes,CHI,STL,2,2,4,2,1,1,4,4
2026-10-06,2026020050,20262027,linesman,Travis Gawryletz,CHI,STL,2,2,4,2,1,1,4,4
2026-10-06,2026020051,20262027,referee,Chris Schlenker,SEA,VGK,4,6,10,3,2,5,8,12
2026-10-06,2026020051,20262027,referee,Brandon Blandina,SEA,VGK,4,6,10,3,2,5,8,12
2026-10-06,2026020051,20262027,linesman,Kiel Murchison,SEA,VGK,4,6,10,3,2,5,8,12
2026-10-06,2026020051,20262027,linesman,Travis Toomey,SEA,VGK,4,6,10,3,2,5,8,12
2026-10-06,2026020052,20262027,referee,Tom Chmielewski,LAK,FLA,6,5,11,5,4,2,12,10
2026-10-06,2026020052,20262027,referee,Jordan Samuels Thomas,LAK,FLA,6,5,11,5,4,2,12,10
2026-10-06,2026020052,20262027,linesman,James Tobias,LAK,FLA,6,5,11,5,4,2,12,10
2026-10-06,2026020052,20262027,linesman,Dan Kelly,LAK,FLA,6,5,11,5,4,2,12,10
2026-10-07,2026020053,20262027,referee,Garrett Rank,WSH,PIT,4,4,8,3,1,4,8,8
2026-10-07,2026020053,20262027,referee,Kelly Sutherland,WSH,PIT,4,4,8,3,1,4,8,8
2026-10-07,2026020053,20262027,linesman,Libor Suchanek,WSH,PIT,4,4,8,3,1,4,8,8
2026-10-07,2026020053,20262027,linesman,Kilian McNamara,WSH,PIT,4,4,8,3,1,4,8,8
2026-10-07,2026020054,20262027,referee,Furman South,WPG,COL,1,2,3,2,0,1,2,4
2026-10-07,2026020054,20262027,referee,Graham Skilliter,WPG,COL,1,2,3,2,0,1,2,4
2026-10-07,2026020054,20262027,linesman,Trent Knorr,WPG,COL,1,2,3,2,0,1,2,4
2026-10-07,2026020054,20262027,linesman,Jesse Marquis,WPG,COL,1,2,3,2,0,1,2,4
2026-10-07,2026020055,20262027,referee,Trevor Hanson,ANA,EDM,5,8,13,4,5,4,10,16
2026-10-07,2026020055,20262027,referee,Tom Chmielewski,ANA,EDM,5,8,13,4,5,4,10,16
2026-10-07,2026020055,20262027,linesman,Ryan Gibbons,ANA,EDM,5,8,13,4,5,4,10,16
2026-10-07,2026020055,20262027,linesman,James Tobias,ANA,EDM,5,8,13,4,5,4,10,16
2026-10-08,2026020056,20262027,referee,Francis Charron,BOS,UTA,7,4,11,2,7,2,14,8
2026-10-08,2026020056,20262027,referee,Stephen Hiff,BOS,UTA,7,4,11,2,7,2,14,8
2026-10-08,2026020056,20262027,linesman,Ryan Jackson,BOS,UTA,7,4,11,2,7,2,14,8
2026-10-08,2026020056,20262027,linesman,Joe Mahon,BOS,UTA,7,4,11,2,7,2,14,8
2026-10-08,2026020057,20262027,referee,Francois St-Laurent,BUF,DAL,2,3,5,1,3,1,4,6
2026-10-08,2026020057,20262027,referee,Justin Kea,BUF,DAL,2,3,5,1,3,1,4,6
2026-10-08,2026020057,20262027,linesman,Dylan Blujus,BUF,DAL,2,3,5,1,3,1,4,6
2026-10-08,2026020057,20262027,linesman,David Brisebois,BUF,DAL,2,3,5,1,3,1,4,6
2026-10-08,2026020058,20262027,referee,Cody Beach,MTL,NSH,5,3,8,2,4,2,10,6
2026-10-08,2026020058,20262027,referee,Kendrick Nicholson,MTL,NSH,5,3,8,2,4,2,10,6
2026-10-08,2026020058,20262027,linesman,Caleb Apperson,MTL,NSH,5,3,8,2,4,2,10,6
2026-10-08,2026020058,20262027,linesman,Jonathan Deschamps,MTL,NSH,5,3,8,2,4,2,10,6
2026-10-08,2026020059,20262027,referee,Chris Rooney,OTT,PHI,4,5,9,5,1,3,8,10
2026-10-08,2026020059,20262027,referee,Peter MacDougall,OTT,PHI,4,5,9,5,1,3,8,10
2026-10-08,2026020059,20262027,linesman,Scott Cherrey,OTT,PHI,4,5,9,5,1,3,8,10
2026-10-08,2026020059,20262027,linesman,Bevan Mills,OTT,PHI,4,5,9,5,1,3,8,10
2026-10-08,2026020060,20262027,referee,Jon McIsaac,TBL,MIN,2,3,5,1,4,0,4,6
2026-10-08,2026020060,20262027,referee,Thomas John Luxmore,TBL,MIN,2,3,5,1,4,0,4,6
2026-10-08,2026020060,20262027,linesman,Matt MacPherson,TBL,MIN,2,3,5,1,4,0,4,6
2026-10-08,2026020060,20262027,linesman,Jonny Murray,TBL,MIN,2,3,5,1,4,0,4,6
2026-10-08,2026020061,20262027,referee,Kyle Rehman,CAR,VAN,4,3,7,4,2,1,8,6
2026-10-08,2026020061,20262027,referee,Kelly Sutherland,CAR,VAN,4,3,7,4,2,1,8,6
2026-10-08,2026020061,20262027,linesman,Brandon Gawryletz,CAR,VAN,4,3,7,4,2,1,8,6
2026-10-08,2026020061,20262027,linesman,CJ Murray,CAR,VAN,4,3,7,4,2,1,8,6
2026-10-08,2026020062,20262027,referee,Garrett Rank,NYI,CHI,4,3,7,4,1,2,8,6
2026-10-08,2026020062,20262027,referee,Frederick L'Ecuyer,NYI,CHI,4,3,7,4,1,2,8,6
2026-10-08,2026020062,20262027,linesman,Julien Fournier,NYI,CHI,4,3,7,4,1,2,8,6
2026-10-08,2026020062,20262027,linesman,Kilian McNamara,NYI,CHI,4,3,7,4,1,2,8,6
2026-10-08,2026020063,20262027,referee,Jean Hebert,STL,SJS,4,2,6,2,4,0,8,4
2026-10-08,2026020063,20262027,referee,Brandon Schrader,STL,SJS,4,2,6,2,4,0,8,4
2026-10-08,2026020063,20262027,linesman,Anthony Lapointe,STL,SJS,4,2,6,2,4,0,8,4
2026-10-08,2026020063,20262027,linesman,Tyson Baker,STL,SJS,4,2,6,2,4,0,8,4
2026-10-08,2026020064,20262027,referee,Furman South,CGY,COL,3,2,5,2,2,1,6,4
2026-10-08,2026020064,20262027,referee,Graham Skilliter,CGY,COL,3,2,5,2,2,1,6,4
2026-10-08,2026020064,20262027,linesman,Kiel Murchison,CGY,COL,3,2,5,2,2,1,6,4
2026-10-08,2026020064,20262027,linesman,Ryan Daisy,CGY,COL,3,2,5,2,2,1,6,4
2026-10-08,2026020065,20262027,referee,Trevor Hanson,VGK,TOR,1,4,5,1,3,1,2,8
2026-10-08,2026020065,20262027,referee,Tom Chmielewski,VGK,TOR,1,4,5,1,3,1,2,8
2026-10-08,2026020065,20262027,linesman,James Tobias,VGK,TOR,1,4,5,1,3,1,2,8
2026-10-08,2026020065,20262027,linesman,Ben O'Quinn,VGK,TOR,1,4,5,1,3,1,2,8
