datums,game_id,period,period_type,laiks,komanda,strength,goal_modifier,shot_type,situacijas_kods,scorer_id,scorer,assist1_id,assist1,assist2_id,assist2,home_score,away_score
2026-09-29,2026020001,4,OT,04:55,FLA,ev,none,slap,1331,8478055,G. Forsling,8477409,C. Verhaeghe,,,0,1
2026-09-29,2026020002,1,REG,00:48,TOR,ev,none,wrist,1551,8477939,W. Nylander,8476853,M. Rielly,8480893,K. Marchenko,1,0
2026-09-29,2026020002,1,REG,10:53,MTL,ev,none,bat,1551,8476981,J. Anderson,8478851,A. Carrier,8481523,K. Dach,1,1
2026-09-29,2026020002,2,REG,04:52,MTL,ev,none,wrist,1551,8482737,Z. Bolduc,8476875,M. Matheson,8476981,J. Anderson,1,2
2026-09-29,2026020002,3,REG,13:12,MTL,ev,none,wrist,1551,8478851,A. Carrier,,,,,1,3
2026-09-29,2026020002,3,REG,15:46,TOR,ev,none,wrist,1551,8477939,W. Nylander,8484158,E. Cowan,8475166,J. Tavares,2,3
2026-09-29,2026020003,3,REG,16:14,BOS,ev,none,snap,1551,8483489,F. Minten,8482511,M. Lohrei,,,1,0
2026-09-29,2026020003,3,REG,17:06,BOS,ev,none,snap,1551,8482175,J. Peterka,8477496,E. Lindholm,8476854,H. Lindholm,2,0
2026-09-29,2026020003,3,REG,17:29,BOS,ev,empty-net,snap,0651,8480355,M. Kastelic,8483489,F. Minten,8482177,M. Khusnutdinov,3,0
2026-09-29,2026020004,1,REG,09:51,VAN,sh,none,snap,1451,8481032,P. Cotter,,,,,0,1
2026-09-29,2026020004,1,REG,16:26,EDM,ev,none,snap,1551,8480803,E. Bouchard,,,,,1,1
2026-09-29,2026020004,2,REG,02:07,VAN,ev,none,snap,1551,8482079,M. Rossi,8483499,L. Ohgren,8479425,F. Hronek,1,2
2026-09-29,2026020004,2,REG,14:34,EDM,ev,none,snap,1551,8480803,E. Bouchard,8478402,C. McDavid,8480029,A. Formenton,2,2
2026-09-29,2026020004,3,REG,01:10,VAN,ev,none,snap,1551,8483476,J. Lekkerimäki,8478498,J. DeBrusk,8476467,J. Oleksiak,2,3
2026-09-29,2026020004,3,REG,02:55,VAN,ev,none,backhand,1551,8484136,M. Sasson,8482055,D. O'Connor,8481024,L. Karlsson,2,4
2026-09-29,2026020004,3,REG,05:15,VAN,pp,none,tip-in,1541,8480012,E. Pettersson,8479425,F. Hronek,8478444,B. Boeser,2,5
2026-09-29,2026020004,3,REG,08:56,EDM,ev,none,snap,1551,8481617,V. Podkolzin,8480803,E. Bouchard,8478854,R. Shea,3,5
2026-09-29,2026020004,3,REG,09:20,EDM,ev,none,wrist,1551,8480803,E. Bouchard,8478402,C. McDavid,,,4,5
2026-09-29,2026020004,3,REG,19:17,EDM,pp,none,snap,1460,8481617,V. Podkolzin,8477934,L. Draisaitl,8480803,E. Bouchard,5,5
2026-09-29,2026020004,4,OT,01:59,VAN,ev,none,backhand,1331,8481032,P. Cotter,8484136,M. Sasson,,,5,6
2026-09-29,2026020005,1,REG,10:30,VGK,pp,none,snap,1451,8478109,V. Olofsson,8478403,J. Eichel,8477447,S. Theodore,1,0
2026-09-29,2026020005,1,REG,15:22,VGK,ev,none,tip-in,1551,8484803,T. Connelly,8475188,B. McNabb,8477447,S. Theodore,2,0
2026-09-29,2026020005,2,REG,12:23,CHI,ev,none,wrist,1551,8478413,J. Greenway,8483450,R. Greene,8482176,W. Kaiser,2,1
2026-09-29,2026020005,2,REG,15:12,VGK,ev,none,snap,1551,8478403,J. Eichel,8477964,I. Barbashev,8475188,B. McNabb,3,1
2026-09-29,2026020005,3,REG,04:04,CHI,ev,none,wrist,1551,8474141,P. Kane,,,,,3,2
2026-09-29,2026020005,3,REG,04:43,VGK,ev,none,wrist,1551,8478396,N. Hanifin,8475343,N. Dowd,8483553,M. Gatcomb,4,2
2026-09-29,2026020005,3,REG,17:27,VGK,ev,empty-net,slap,0651,8475913,M. Stone,8478403,J. Eichel,8477964,I. Barbashev,5,2
2026-09-30,2026020006,1,REG,07:26,PIT,ev,none,tip-in,1551,8481582,N. Robertson,8471724,K. Letang,8471675,S. Crosby,0,1
2026-09-30,2026020006,1,REG,15:44,PIT,ev,none,backhand,1551,8482758,V. Koivunen,8479398,S. Girard,8481527,K. Korczak,0,2
2026-09-30,2026020006,2,REG,05:03,PIT,pp,none,slap,1541,8471215,E. Malkin,8482148,H. Lapierre,8478438,T. Novak,0,3
2026-09-30,2026020006,2,REG,07:26,PIT,ev,none,snap,1551,8482148,H. Lapierre,8480842,F. Hallander,8483398,D. Carlile,0,4
2026-09-30,2026020006,2,REG,10:23,PIT,ev,none,wrist,1551,8480842,F. Hallander,8481527,K. Korczak,8479398,S. Girard,0,5
2026-09-30,2026020006,3,REG,11:52,PIT,sh,none,snap,1451,8481582,N. Robertson,8480842,F. Hallander,,,0,6
2026-09-30,2026020006,3,REG,16:37,PIT,pp,none,tip-in,1541,8482475,E. Chinakhov,8474578,E. Karlsson,8476483,R. Rakell,0,7
2026-09-30,2026020008,1,REG,07:14,TOR,ev,none,tip-in,1551,8476925,C. Sissons,8477426,N. Paul,8484158,E. Cowan,1,0
2026-09-30,2026020008,1,REG,11:55,TOR,pp,none,wrist,1451,8484158,E. Cowan,8478458,J. Roslovic,8476853,M. Rielly,2,0
2026-09-30,2026020008,3,REG,14:09,NYI,sh,none,snap,1451,8482476,E. Heineman,8477500,B. Horvat,,,2,1
2026-09-30,2026020007,1,REG,06:33,COL,pp,none,snap,1451,8475754,B. Nelson,8475768,J. Schwartz,8475172,N. Kadri,1,0
2026-09-30,2026020007,1,REG,15:14,LAK,ev,none,wrist,1551,8475208,B. Dumoulin,8482155,A. Laferriere,8481532,A. Turcotte,1,1
2026-09-30,2026020007,1,REG,17:58,COL,ev,none,snap,1551,8480448,P. Kelly,8476312,J. Manson,,,2,1
2026-09-30,2026020007,2,REG,00:23,COL,pp,none,snap,1351,8477492,N. MacKinnon,8475172,N. Kadri,8480069,C. Makar,3,1
2026-09-30,2026020007,2,REG,01:28,LAK,sh,none,wrist,1451,8476469,J. Armia,8475287,E. Haula,8476879,C. Ceci,3,2
2026-09-30,2026020007,2,REG,08:33,COL,ev,none,wrist,1551,8477492,N. MacKinnon,8480039,M. Necas,8470613,B. Burns,4,2
2026-09-30,2026020007,2,REG,16:01,COL,ev,none,poke,1551,8478462,N. Roy,8475768,J. Schwartz,8480448,P. Kelly,5,2
2026-09-30,2026020007,2,REG,17:50,LAK,sh,none,wrist,1451,8479675,T. Moore,8479998,M. Anderson,,,5,3
2026-09-30,2026020007,2,REG,18:34,COL,pp,none,snap,1451,8477476,A. Lehkonen,8475754,B. Nelson,8478038,D. Toews,6,3
2026-09-30,2026020007,3,REG,11:51,LAK,ev,none,wrist,0651,8478550,A. Panarin,8474563,D. Doughty,8482155,A. Laferriere,6,4
2026-09-30,2026020007,3,REG,14:03,COL,ev,none,wrist,1551,8476455,G. Landeskog,8480069,C. Makar,,,7,4
2026-09-30,2026020007,3,REG,15:06,COL,pp,none,snap,1451,8477476,A. Lehkonen,8475754,B. Nelson,8478038,D. Toews,8,4
2026-10-01,2026020009,1,REG,11:12,PHI,ev,none,tip-in,0651,8477499,R. Ristolainen,8477948,T. Sanheim,8478439,T. Konecny,0,1
2026-10-01,2026020009,2,REG,17:58,NJD,ev,none,snap,1551,8476462,D. Hamilton,,,,,1,1
2026-10-01,2026020009,3,REG,05:33,PHI,ev,none,slap,1551,8477948,T. Sanheim,8476461,S. Couturier,,,1,2
2026-10-01,2026020009,3,REG,09:44,NJD,ev,none,snap,1551,8482684,L. Hughes,8482146,L. Evangelista,,,2,2
2026-10-01,2026020009,4,OT,03:23,NJD,ev,none,wrist,1331,8481559,J. Hughes,8479407,J. Bratt,,,3,2
2026-10-01,2026020010,1,REG,05:34,NYR,pp,none,wrist,1451,8476459,M. Zibanejad,8481604,P. Dorofeyev,8479323,A. Fox,1,0
2026-10-01,2026020010,1,REG,10:51,NYR,ev,none,snap,1551,8481604,P. Dorofeyev,8477416,O. Bjorkstrand,,,2,0
2026-10-01,2026020010,2,REG,01:40,NYR,ev,none,wrist,1551,8480009,E. Tolvanen,8483690,N. Laba,,,3,0
2026-10-01,2026020010,2,REG,07:59,TBL,ev,none,backhand,1551,8476453,N. Kucherov,8481624,I. Mikheyev,8478010,B. Point,3,1
2026-10-01,2026020010,2,REG,16:01,NYR,ev,none,tip-in,1551,8484210,G. Perreault,8479323,A. Fox,8476459,M. Zibanejad,4,1
2026-10-01,2026020010,3,REG,17:26,NYR,ev,empty-net,wrist,0651,8478048,I. Shesterkin,,,,,5,1
2026-10-01,2026020011,1,REG,07:21,BUF,ev,none,snap,1441,8480807,M. Samuelsson,8483500,N. Ostlund,8482671,O. Power,0,1
2026-10-01,2026020011,1,REG,12:51,CBJ,ev,none,snap,1551,8482705,C. Sillinger,8475745,C. Coyle,8483485,D. Mateychuk,1,1
2026-10-01,2026020011,1,REG,17:58,CBJ,pp,none,snap,1451,8482720,M. Knies,8475745,C. Coyle,8478460,Z. Werenski,2,1
2026-10-01,2026020011,1,REG,18:44,CBJ,ev,none,deflected,1551,8484166,A. Fantilli,8478460,Z. Werenski,8482720,M. Knies,3,1
2026-10-01,2026020011,2,REG,01:25,BUF,ev,none,wrist,1551,8482097,J. Quinn,8484145,Z. Benson,8483500,N. Ostlund,3,2
2026-10-01,2026020011,2,REG,07:45,CBJ,ev,none,tip-in,1551,8482720,M. Knies,8482126,E. Andrae,8482660,K. Johnson,4,2
2026-10-01,2026020011,2,REG,13:14,BUF,ev,none,snap,1551,8484797,K. Helenius,8480802,R. McLeod,8482671,O. Power,4,3
2026-10-01,2026020011,3,REG,14:21,CBJ,pp,none,snap,1451,8477497,S. Monahan,8477501,V. Nichushkin,8481716,D. Voronkov,5,3
2026-10-01,2026020011,3,REG,17:53,CBJ,ev,empty-net,wrist,0651,8479671,M. Olivier,8475745,C. Coyle,,,6,3
2026-10-01,2026020012,1,REG,09:35,MIN,ev,none,wrist,1551,8473422,N. Foligno,8477446,M. McCarron,8476874,O. Maatta,0,1
2026-10-01,2026020012,1,REG,13:48,MIN,pp,none,wrist,1541,8476399,B. Coleman,8481553,B. Brink,8483525,D. Yurov,0,2
2026-10-01,2026020012,2,REG,09:23,NSH,ev,none,slap,1551,8474600,R. Josi,8476887,F. Forsberg,8474564,S. Stamkos,1,2
2026-10-01,2026020012,3,REG,04:42,MIN,ev,none,tip-in,1551,8478864,K. Kaprizov,8480800,Q. Hughes,8474716,J. Spurgeon,1,3
2026-10-01,2026020014,1,REG,09:10,SEA,pp,none,wrist,1541,8474586,J. Eberle,8477955,J. McCann,8478407,V. Dunn,0,1
2026-10-01,2026020014,1,REG,09:42,SEA,ev,none,slap,1551,8478407,V. Dunn,8482751,R. Winterton,8483524,S. Wright,0,2
2026-10-01,2026020014,1,REG,19:30,SEA,ev,none,wrist,1551,8477919,F. Gaudreau,8481554,K. Kakko,8482858,R. Evans,0,3
2026-10-01,2026020014,3,REG,03:13,SEA,ev,none,backhand,1551,8476905,C. Stephenson,8478407,V. Dunn,8478916,J. Daccord,0,4
2026-10-01,2026020014,3,REG,04:04,SEA,ev,none,slap,1551,8482665,M. Beniers,8477955,J. McCann,,,0,5
2026-10-01,2026020014,3,REG,16:35,CGY,ev,none,wrist,1551,8476458,R. Strome,8481068,Y. Sharangovich,8482074,C. Zary,1,5
2026-10-01,2026020014,3,REG,17:01,SEA,ev,none,poke,1551,8481554,K. Kakko,8477955,J. McCann,8482665,M. Beniers,1,6
2026-10-01,2026020013,1,REG,16:41,UTA,pp,none,snap,1451,8482699,D. Guenther,8483431,L. Cooley,8479343,C. Keller,1,0
2026-10-01,2026020013,1,REG,17:21,UTA,ev,none,wrist,1551,8479619,M. Carcone,8478831,K. Stenlund,,,2,0
2026-10-01,2026020013,2,REG,09:47,UTA,ev,none,snap,1551,8477951,N. Schmaltz,8476389,V. Trocheck,8479410,M. Sergachev,3,0
2026-10-01,2026020013,2,REG,13:06,UTA,ev,none,tip-in,1551,8475314,A. Lee,8479369,A. Peeke,8484386,D. Simashev,4,0
2026-10-01,2026020013,2,REG,15:28,UTA,pp,none,tip-in,1451,8482699,D. Guenther,8479343,C. Keller,8478474,L. Crouse,5,0
2026-10-01,2026020013,3,REG,12:50,UTA,ev,none,tip-in,1551,8484388,D. But,8479619,M. Carcone,8477220,N. Schmidt,6,0
2026-10-01,2026020015,1,REG,09:26,EDM,pp,none,wrist,1541,8481617,V. Podkolzin,8477953,K. Kapanen,8478402,C. McDavid,0,1
2026-10-01,2026020015,1,REG,14:26,EDM,ev,none,snap,1551,8486161,O. Michaels,8478472,M. Joseph,8480803,E. Bouchard,0,2
2026-10-01,2026020015,1,REG,14:42,EDM,ev,own-goal,,1551,8480803,E. Bouchard,,,,,0,3
2026-10-01,2026020015,1,REG,19:32,EDM,ev,none,wrist,1551,8478854,R. Shea,8478402,C. McDavid,8477934,L. Draisaitl,0,4
2026-10-01,2026020015,2,REG,00:27,EDM,ev,none,wrist,1551,8477934,L. Draisaitl,8480803,E. Bouchard,8478402,C. McDavid,0,5
2026-10-01,2026020015,2,REG,04:31,VAN,ev,none,wrist,1551,8481032,P. Cotter,8483499,L. Ohgren,,,1,5
2026-10-01,2026020015,2,REG,05:04,EDM,ev,none,wrist,1551,8479365,T. Frederic,8483455,I. Howard,,,1,6
2026-10-01,2026020015,2,REG,05:47,VAN,ev,none,wrist,1551,8478444,B. Boeser,8481032,P. Cotter,8476467,J. Oleksiak,2,6
2026-10-01,2026020015,2,REG,07:49,EDM,sh,none,backhand,1451,8478402,C. McDavid,,,,,2,7
2026-10-01,2026020015,2,REG,08:23,EDM,sh,none,wrist,1451,8477953,K. Kapanen,,,,,2,8
2026-10-01,2026020015,2,REG,19:59,VAN,ev,none,snap,1551,8483395,A. Bains,8480012,E. Pettersson,8479425,F. Hronek,3,8
2026-10-01,2026020015,3,REG,01:53,VAN,ev,none,backhand,1551,8482079,M. Rossi,8483476,J. Lekkerimäki,8484240,T. Willander,4,8
2026-10-01,2026020015,3,REG,04:43,VAN,ev,none,deflected,1551,8482079,M. Rossi,8483395,A. Bains,8474568,L. Schenn,5,8
2026-10-01,2026020015,3,REG,07:37,VAN,pp,none,slap,1451,8480012,E. Pettersson,8482079,M. Rossi,8478444,B. Boeser,6,8
2026-10-01,2026020015,3,REG,09:26,EDM,pp,none,wrist,1541,8477934,L. Draisaitl,8478402,C. McDavid,8481617,V. Podkolzin,6,9
2026-10-01,2026020015,3,REG,18:31,VAN,ev,none,snap,1551,8476467,J. Oleksiak,8479425,F. Hronek,8480012,E. Pettersson,7,9
2026-10-01,2026020016,1,REG,14:20,SJS,ev,none,wrist,1551,8478975,M. Marchment,,,,,1,0
2026-10-01,2026020016,2,REG,05:52,SJS,sh,none,wrist,1541,8484227,W. Smith,8484801,M. Celebrini,,,2,0
2026-10-01,2026020016,2,REG,10:37,SJS,pp,none,slap,1451,8484227,W. Smith,8484801,M. Celebrini,8484152,L. Cagnoni,3,0
2026-10-01,2026020016,2,REG,17:10,FLA,pp,none,backhand,1541,8480185,E. Luostarinen,8474189,L. Eller,8477932,A. Ekblad,3,1
2026-10-01,2026020016,3,REG,05:01,FLA,ev,none,tip-in,1551,8480185,E. Luostarinen,8475179,D. Kulikov,8482113,A. Lundell,3,2
2026-10-01,2026020016,3,REG,05:18,FLA,ev,none,wrist,1551,8479314,M. Tkachuk,8477935,S. Bennett,,,3,3
2026-10-01,2026020016,4,OT,03:14,SJS,ev,none,wrist,1331,8484152,L. Cagnoni,8484227,W. Smith,8484801,M. Celebrini,4,3
2026-10-02,2026020017,1,REG,05:12,NYR,pp,none,slap,1541,8480434,S. Durzi,8484210,G. Perreault,8482157,W. Cuylle,0,1
2026-10-02,2026020017,3,REG,18:44,NYR,ev,empty-net,wrist,1560,8480009,E. Tolvanen,8481789,T. Kartye,8479323,A. Fox,0,2
2026-10-02,2026020018,1,REG,06:33,WSH,ev,none,wrist,1551,8477949,A. Tuch,8479400,P. Dubois,8471214,A. Ovechkin,0,1
2026-10-02,2026020018,1,REG,11:33,WSH,ev,none,snap,1551,8484873,C. Hutson,8484999,I. Protas,8481656,A. Protas,0,2
2026-10-02,2026020018,1,REG,14:23,WSH,ev,none,backhand,1551,8477949,A. Tuch,8479400,P. Dubois,8476880,T. Wilson,0,3
2026-10-02,2026020018,2,REG,01:36,WSH,pp,none,snap,1541,8479345,J. Chychrun,8478440,D. Strome,,,0,4
2026-10-02,2026020018,2,REG,16:50,CAR,pp,none,snap,1451,8478427,S. Aho,8480830,A. Svechnikov,8482809,J. Blake,1,4
2026-10-02,2026020018,2,REG,16:58,WSH,ev,none,snap,1551,8484186,R. Leonard,8478440,D. Strome,8479345,J. Chychrun,1,5
2026-10-02,2026020018,3,REG,10:50,CAR,ev,none,tip-in,1551,8482702,L. Stankoven,8480817,K. Miller,8477478,W. Carrier,2,5
2026-10-02,2026020019,1,REG,04:52,WPG,ev,none,slap,1551,8476331,D. DeMelo,8480289,M. Barron,8476392,A. Lowry,1,0
2026-10-02,2026020019,1,REG,09:23,BOS,ev,none,slap,1551,8476854,H. Lindholm,8479987,M. Geekie,8478840,W. Borgen,1,1
2026-10-02,2026020019,1,REG,15:20,BOS,ev,none,wrist,1551,8485395,J. Hagens,8477507,N. Zadorov,8480355,M. Kastelic,1,2
2026-10-02,2026020019,2,REG,01:50,WPG,pp,none,snap,1451,8478398,K. Connor,8480014,G. Vilardi,8482149,C. Perfetti,2,2
2026-10-02,2026020019,2,REG,19:52,WPG,ev,none,wrist,1551,8479983,M. Ferraro,8476392,A. Lowry,8478398,K. Connor,3,2
2026-10-02,2026020019,3,REG,18:22,BOS,ev,none,tip-in,0651,8477496,E. Lindholm,8477956,D. Pastrnak,8482511,M. Lohrei,3,3
2026-10-02,2026020019,4,OT,03:21,BOS,ev,none,wrist,1331,8482175,J. Peterka,8477956,D. Pastrnak,8477507,N. Zadorov,3,4
2026-10-02,2026020020,1,REG,01:34,STL,ev,none,snap,1551,8482745,M. McTavish,8476892,C. Parayko,8483516,J. Snuggerud,0,1
2026-10-02,2026020020,2,REG,13:05,STL,ev,none,snap,1551,8484164,D. Dvorsky,8481598,P. Broberg,8480459,P. Suter,0,2
2026-10-02,2026020020,3,REG,17:37,STL,ev,empty-net,wrist,1560,8483516,J. Snuggerud,,,,,0,3
2026-10-02,2026020020,3,REG,17:52,STL,ev,empty-net,wrist,1560,8480459,P. Suter,8481580,C. McMichael,8480981,J. Hofer,0,4
2026-10-02,2026020021,1,REG,19:52,ANA,ev,none,wrist,1551,8484762,B. Sennecke,8484153,L. Carlsson,8483482,T. Luneau,0,1
2026-10-02,2026020021,2,REG,01:33,ANA,ev,none,tip-in,1551,8473986,A. Killorn,8483521,N. Warren,8475798,M. Granlund,0,2
2026-10-02,2026020021,2,REG,02:28,ANA,ev,none,deflected,1551,8482408,J. Malott,8485512,T. Washe,8481605,J. LaCombe,0,3
2026-10-02,2026020021,2,REG,07:03,ANA,ev,none,snap,1551,8484153,L. Carlsson,8478421,A. Greer,8483445,C. Gauthier,0,4
2026-10-02,2026020021,3,REG,04:38,VGK,ev,none,snap,1551,8477447,S. Theodore,8479353,B. Howden,8478403,J. Eichel,1,4
2026-10-02,2026020021,3,REG,06:07,VGK,pp,none,wrist,1451,8476881,T. Hertl,8478483,M. Marner,8478403,J. Eichel,2,4
2026-10-02,2026020021,3,REG,17:10,VGK,ev,none,wrist,1551,8483890,B. Bowman,8478109,V. Olofsson,8475188,B. McNabb,3,4
2026-10-03,2026020022,1,REG,07:59,CHI,ev,none,wrist,1551,8477987,R. Donato,8481568,A. Vlasic,8484185,N. Lardis,0,1
2026-10-03,2026020022,1,REG,11:24,CHI,ev,none,wrist,1551,8477479,T. Bertuzzi,8485391,A. Frondell,8476882,T. Teravainen,0,2
2026-10-03,2026020022,1,REG,16:24,BUF,ev,none,wrist,1551,8482097,J. Quinn,8484305,Z. Metsa,,,1,2
2026-10-03,2026020022,2,REG,05:41,BUF,ev,none,tip-in,1551,8479420,T. Thompson,8481806,L. Crevier,8480064,J. Norris,2,2
2026-10-03,2026020022,2,REG,18:18,CHI,ev,none,wrist,1551,8484197,O. Moore,8485391,A. Frondell,8481568,A. Vlasic,2,3
2026-10-03,2026020022,3,REG,06:10,BUF,ev,none,snap,1551,8480839,R. Dahlin,8481522,P. Krebs,8480807,M. Samuelsson,3,3
2026-10-03,2026020022,3,REG,13:20,BUF,ev,none,snap,1441,8483468,J.Kulich,8482671,O. Power,8479420,T. Thompson,4,3
2026-10-03,2026020023,1,REG,18:51,OTT,ev,none,wrist,1551,8478469,T. Chabot,8473512,C. Giroux,8481596,S. Pinto,0,1
2026-10-03,2026020023,2,REG,00:33,TOR,ev,none,tip-in,1551,8479318,A. Matthews,8476853,M. Rielly,8477939,W. Nylander,1,1
2026-10-03,2026020023,2,REG,07:06,TOR,pp,none,backhand,1451,8480893,K. Marchenko,8478178,D. Raddysh,8475166,J. Tavares,2,1
2026-10-03,2026020023,2,REG,12:40,OTT,ev,none,wrist,1551,8478020,M. Amadio,8482116,T. Stützle,8478469,T. Chabot,2,2
2026-10-03,2026020023,3,REG,09:46,OTT,ev,none,snap,1551,8483676,S. Halliday,8480188,F. Zetterlund,8473512,C. Giroux,2,3
2026-10-03,2026020024,1,REG,02:26,TBL,ev,none,wrist,1551,8480426,C. D'Astous,8479542,B. Hagel,8477404,J. Guentzel,1,0
2026-10-03,2026020024,1,REG,16:30,TBL,ev,none,wrist,1551,8483447,C. Geekie,8479542,B. Hagel,8477404,J. Guentzel,2,0
2026-10-03,2026020024,2,REG,07:04,WSH,ev,none,tip-in,1551,8482088,J. Sourdif,8479345,J. Chychrun,8476432,B. Jenner,2,1
2026-10-03,2026020024,3,REG,17:55,TBL,ev,empty-net,wrist,0651,8477404,J. Guentzel,8476453,N. Kucherov,8474590,J. Carlson,3,1
2026-10-03,2026020025,1,REG,00:10,CAR,ev,none,snap,1551,8478427,S. Aho,8477478,W. Carrier,8480830,A. Svechnikov,0,1
2026-10-03,2026020025,1,REG,08:03,PHI,ev,none,snap,1551,8480015,O. Tippett,8481533,T. Zegras,,,1,1
2026-10-03,2026020025,2,REG,07:20,PHI,ev,none,wrist,1551,8484387,M. Michkov,8478439,T. Konecny,8477989,C. Dvorak,2,1
2026-10-03,2026020025,3,REG,04:59,CAR,pp,none,snap,1541,8478427,S. Aho,8477940,N. Ehlers,8480830,A. Svechnikov,2,2
2026-10-03,2026020025,4,OT,02:51,CAR,pp,none,slap,1431,8476906,S. Gostisbehere,8482809,J. Blake,8478427,S. Aho,2,3
2026-10-03,2026020026,1,REG,03:49,MTL,ev,none,wrist,1551,8481540,C. Caufield,8480018,N. Suzuki,8483457,L. Hutson,0,1
2026-10-03,2026020026,1,REG,14:07,PIT,pp,none,backhand,1451,8471215,E. Malkin,8471724,K. Letang,8482148,H. Lapierre,1,1
2026-10-03,2026020026,2,REG,00:32,PIT,ev,none,wrist,1551,8483398,D. Carlile,8476483,R. Rakell,8474578,E. Karlsson,2,1
2026-10-03,2026020026,2,REG,07:59,PIT,ev,none,wrist,1551,8479398,S. Girard,8471675,S. Crosby,8481527,K. Korczak,3,1
2026-10-03,2026020026,2,REG,14:01,PIT,ev,none,wrist,1551,8478438,T. Novak,8482475,E. Chinakhov,8471215,E. Malkin,4,1
2026-10-03,2026020026,2,REG,15:32,PIT,pp,none,tip-in,1451,8485414,B. Kindel,8474578,E. Karlsson,8478438,T. Novak,5,1
2026-10-03,2026020026,2,REG,18:46,MTL,ev,none,backhand,1441,8480018,N. Suzuki,8483457,L. Hutson,8480865,N. Dobson,5,2
2026-10-03,2026020026,3,REG,03:31,MTL,ev,none,wrist,1551,8481540,C. Caufield,8475184,C. Kreider,,,5,3
2026-10-03,2026020026,3,REG,18:52,MTL,ev,none,wrist,0651,8475184,C. Kreider,8480018,N. Suzuki,8484984,I. Demidov,5,4
2026-10-03,2026020026,3,REG,19:16,MTL,ev,none,snap,0651,8484984,I. Demidov,8480018,N. Suzuki,8483457,L. Hutson,5,5
2026-10-03,2026020026,4,OT,01:33,PIT,ev,none,wrist,1331,8478438,T. Novak,8471215,E. Malkin,8471724,K. Letang,6,5
2026-10-03,2026020027,1,REG,11:55,UTA,pp,none,slap,1541,8479410,M. Sergachev,8482699,D. Guenther,8479343,C. Keller,0,1
2026-10-03,2026020027,1,REG,16:31,UTA,ev,none,snap,1551,8477951,N. Schmaltz,8479343,C. Keller,8478507,J. Marino,0,2
2026-10-03,2026020027,2,REG,01:30,CBJ,ev,none,snap,1551,8482660,K. Johnson,8482720,M. Knies,,,1,2
2026-10-03,2026020027,3,REG,05:59,UTA,pp,none,slap,1541,8482699,D. Guenther,8483431,L. Cooley,8479410,M. Sergachev,1,3
2026-10-03,2026020027,3,REG,14:13,UTA,pp,none,wrist,1541,8477951,N. Schmaltz,8483431,L. Cooley,8482699,D. Guenther,1,4
2026-10-03,2026020028,1,REG,02:51,EDM,ev,none,wrist,1551,8486161,O. Michaels,8480029,A. Formenton,,,1,0
2026-10-03,2026020028,2,REG,09:06,SEA,pp,none,wrist,1541,8482259,B. McMann,8474586,J. Eberle,8476905,C. Stephenson,1,1
2026-10-03,2026020028,3,REG,17:33,EDM,ev,none,snap,1551,8477934,L. Draisaitl,8478402,C. McDavid,8478854,R. Shea,2,1
2026-10-03,2026020028,3,REG,18:55,EDM,ev,empty-net,wrist,0651,8478402,C. McDavid,8481617,V. Podkolzin,,,3,1
2026-10-03,2026020029,2,REG,03:32,NYI,ev,none,wrist,1551,8481601,S. Holmstrom,8476419,J. Pageau,8476917,A. Pelech,1,0
2026-10-03,2026020029,2,REG,05:00,NYI,ev,none,snap,1551,8475170,B. Schenn,8485388,V. Eklund,8485366,M. Schaefer,2,0
2026-10-03,2026020029,2,REG,12:08,NYI,pp,none,wrist,1451,8477500,B. Horvat,8485366,M. Schaefer,,,3,0
2026-10-03,2026020029,3,REG,11:32,NYI,ev,none,wrist,1551,8485388,V. Eklund,8484221,C. Ritchie,8475170,B. Schenn,4,0
2026-10-03,2026020029,3,REG,12:14,NYI,ev,none,snap,1551,8476292,O. Palat,8475231,C. Cizikas,8479378,L. Stanley,5,0
2026-10-03,2026020029,3,REG,18:41,NYI,sh,none,wrist,1541,8475231,C. Cizikas,8481601,S. Holmstrom,8479378,L. Stanley,6,0
2026-10-03,2026020030,1,REG,00:47,DAL,ev,none,wrist,1551,8480036,M. Heiskanen,8478420,M. Rantanen,8482740,W. Johnston,0,1
2026-10-03,2026020030,1,REG,04:46,NSH,pp,none,snap,1451,8474564,S. Stamkos,8475158,R. O'Reilly,8474600,R. Josi,1,1
2026-10-03,2026020030,1,REG,15:49,NSH,pp,none,deflected,1451,8481535,N. Hoglander,8482072,J. Ahcan,8477021,A. Kerfoot,2,1
2026-10-03,2026020031,1,REG,01:53,BOS,ev,none,wrist,1551,8479661,T. Jeannot,8480355,M. Kastelic,8477365,C. Clifton,0,1
2026-10-03,2026020031,2,REG,06:11,MIN,pp,none,snap,1451,8478864,K. Kaprizov,8485702,M. Shabanov,8478493,J. Eriksson Ek,1,1
2026-10-03,2026020031,2,REG,12:28,MIN,pp,none,wrist,1451,8480800,Q. Hughes,8481553,B. Brink,8477451,R. Hartman,2,1
2026-10-03,2026020031,3,REG,03:24,MIN,ev,none,wrist,1551,8474716,J. Spurgeon,8477446,M. McCarron,8480800,Q. Hughes,3,1
2026-10-03,2026020031,3,REG,18:59,MIN,ev,empty-net,backhand,0651,8478864,K. Kaprizov,,,,,4,1
2026-10-03,2026020032,1,REG,04:09,COL,ev,none,wrist,1551,8480069,C. Makar,8480039,M. Necas,8477492,N. MacKinnon,1,0
2026-10-03,2026020032,1,REG,13:12,COL,ev,none,snap,1551,8480039,M. Necas,8477492,N. MacKinnon,8477476,A. Lehkonen,2,0
2026-10-03,2026020032,2,REG,05:38,COL,ev,none,snap,1551,8476312,J. Manson,8478462,N. Roy,8480448,P. Kelly,3,0
2026-10-03,2026020032,2,REG,11:40,COL,ev,none,snap,1551,8477476,A. Lehkonen,,,,,4,0
2026-10-03,2026020032,2,REG,18:02,COL,ev,none,wrist,1551,8478462,N. Roy,8480448,P. Kelly,8476312,J. Manson,5,0
2026-10-03,2026020032,2,REG,18:25,COL,ev,none,backhand,1551,8480039,M. Necas,8476455,G. Landeskog,8477492,N. MacKinnon,6,0
2026-10-03,2026020032,3,REG,02:34,STL,ev,none,backhand,1551,8484164,D. Dvorsky,8484188,T. Lindstein,,,6,1
2026-10-03,2026020033,1,REG,14:51,CGY,pp,none,wrist,1541,8482679,M. Coronato,8484768,Z. Parekh,8480797,J. Farabee,0,1
2026-10-03,2026020033,3,REG,01:28,VAN,ev,none,wrist,1551,8483499,L. Ohgren,8481032,P. Cotter,8484240,T. Willander,1,1
2026-10-03,2026020033,3,REG,09:04,VAN,ev,none,backhand,1441,8483678,E. Pettersson,8483499,L. Ohgren,8484240,T. Willander,2,1
2026-10-03,2026020033,3,REG,16:33,VAN,ev,none,wrist,1551,8482055,D. O'Connor,8481024,L. Karlsson,,,3,1
2026-10-03,2026020033,3,REG,17:16,VAN,ev,empty-net,wrist,0651,8482691,A. Räty,8481024,L. Karlsson,8480012,E. Pettersson,4,1
2026-10-03,2026020034,1,REG,15:50,LAK,pp,none,slap,1541,8477960,A. Kempe,8478550,A. Panarin,8482730,B. Clarke,0,1
2026-10-03,2026020034,2,REG,01:48,SJS,pp,none,tip-in,1451,8475726,T. Toffoli,8486103,I. Stenberg,8484801,M. Celebrini,1,1
2026-10-03,2026020034,2,REG,09:52,SJS,ev,none,snap,1551,8480748,K. Sherwood,,,,,2,1
2026-10-03,2026020034,2,REG,12:32,SJS,ev,none,wrist,1551,8482700,N. Allan,8485402,M. Misa,8484994,I. Chernyshov,3,1
2026-10-03,2026020034,2,REG,19:58,LAK,pp,none,wrist,1541,8482124,Q. Byfield,8475692,M. Zuccarello,8477960,A. Kempe,3,2
2026-10-03,2026020034,3,REG,04:08,SJS,ev,none,backhand,1551,8484994,I. Chernyshov,8475726,T. Toffoli,8476885,J. Trouba,4,2
2026-10-03,2026020034,3,REG,10:21,LAK,ev,none,tip-in,1551,8475287,E. Haula,8476979,E. Gustafsson,8482730,B. Clarke,4,3
2026-10-03,2026020034,3,REG,15:00,LAK,ev,none,slap,1551,8478550,A. Panarin,8482124,Q. Byfield,,,4,4
2026-10-03,2026020034,4,OT,03:18,SJS,ev,none,slap,1331,8484994,I. Chernyshov,8484801,M. Celebrini,,,5,4
2026-10-04,2026020035,1,REG,13:04,WPG,pp,none,deflected,1541,8482149,C. Perfetti,8478398,K. Connor,8477504,J. Morrissey,0,1
2026-10-04,2026020035,1,REG,14:36,WPG,pp,none,backhand,1541,8478398,K. Connor,8480014,G. Vilardi,8482149,C. Perfetti,0,2
2026-10-04,2026020035,2,REG,05:41,WPG,pp,none,snap,1541,8478398,K. Connor,8477504,J. Morrissey,8482149,C. Perfetti,0,3
2026-10-04,2026020035,2,REG,16:52,DET,pp,none,deflected,1451,8478042,V. Arvidsson,8477429,A. Copp,8481542,M. Seider,1,3
2026-10-04,2026020035,3,REG,04:56,DET,ev,none,wrist,1551,8484471,E. Finnie,8484794,M. Brandsegg-Nygård,8479337,A. DeBrincat,2,3
2026-10-04,2026020036,1,REG,17:18,NYR,ev,none,wrist,1551,8478882,V. Gavrikov,8479323,A. Fox,,,1,0
2026-10-04,2026020036,2,REG,14:29,UTA,pp,none,backhand,1541,8477951,N. Schmaltz,8479343,C. Keller,,,1,1
2026-10-04,2026020036,3,REG,03:15,NYR,ev,none,wrist,1551,8484210,G. Perreault,8482109,A. Lafrenière,8476459,M. Zibanejad,2,1
2026-10-04,2026020036,3,REG,12:47,NYR,ev,none,deflected,1551,8476468,J. Miller,8478882,V. Gavrikov,8481789,T. Kartye,3,1
2026-10-04,2026020036,3,REG,14:57,UTA,ev,none,snap,1551,8479369,A. Peeke,8475314,A. Lee,,,3,2
2026-10-04,2026020036,3,REG,18:45,NYR,ev,empty-net,wrist,0651,8480009,E. Tolvanen,8482157,W. Cuylle,8478048,I. Shesterkin,4,2
2026-10-04,2026020037,1,REG,16:18,ANA,pp,none,snap,1451,8483445,C. Gauthier,8481605,J. LaCombe,8484153,L. Carlsson,1,0
2026-10-04,2026020037,1,REG,17:09,FLA,ev,none,tip-in,1551,8477409,C. Verhaeghe,8477935,S. Bennett,8479314,M. Tkachuk,1,1
2026-10-04,2026020037,2,REG,00:47,ANA,pp,none,snap,1451,8483445,C. Gauthier,8484762,B. Sennecke,8484153,L. Carlsson,2,1
2026-10-04,2026020037,3,REG,18:10,FLA,ev,none,wrist,0651,8473419,B. Marchand,8474189,L. Eller,,,2,2
2026-10-04,2026020037,4,OT,04:14,ANA,pp,none,tip-in,1341,8475798,M. Granlund,8484153,L. Carlsson,8483445,C. Gauthier,3,2
2026-10-04,2026020038,1,REG,02:22,SEA,ev,none,wrist,1551,8484800,B. Catton,,,,,1,0
2026-10-04,2026020038,1,REG,04:40,SEA,ev,none,backhand,1551,8482713,M. Samoskevich,8477986,B. Montour,8482858,R. Evans,2,0
2026-10-04,2026020038,1,REG,07:40,SEA,ev,none,wrist,1551,8482259,B. McMann,8476905,C. Stephenson,,,3,0
2026-10-04,2026020038,2,REG,11:58,SEA,ev,none,backhand,1551,8483524,S. Wright,8484800,B. Catton,8478407,V. Dunn,4,0
2026-10-04,2026020038,2,REG,19:34,SEA,ev,none,wrist,1551,8482713,M. Samoskevich,8482665,M. Beniers,8477955,J. McCann,5,0
2026-10-04,2026020038,3,REG,14:25,CGY,pp,none,tip-in,1541,8480028,M. Frost,8484860,M. Gridin,8480797,J. Farabee,5,1
2026-10-04,2026020038,3,REG,15:04,SEA,ev,none,snap,1551,8474586,J. Eberle,8476905,C. Stephenson,8477986,B. Montour,6,1
2026-10-04,2026020039,1,REG,18:52,VAN,pp,none,tip-in,1451,8481032,P. Cotter,8479425,F. Hronek,8480012,E. Pettersson,1,0
2026-10-04,2026020039,2,REG,09:01,VGK,ev,none,snap,1551,8478483,M. Marner,8475188,B. McNabb,,,1,1
2026-10-04,2026020039,2,REG,14:30,VGK,pp,none,snap,1541,8478109,V. Olofsson,8475913,M. Stone,8478403,J. Eichel,1,2
2026-10-04,2026020039,2,REG,17:54,VAN,ev,none,snap,1551,8483476,J. Lekkerimäki,8481024,L. Karlsson,8474568,L. Schenn,2,2
2026-10-04,2026020039,2,REG,18:28,VGK,ev,none,snap,1551,8483553,M. Gatcomb,8483890,B. Bowman,8475343,N. Dowd,2,3
2026-10-05,2026020040,1,REG,16:05,TBL,ev,none,tip-in,1551,8478010,B. Point,8474590,J. Carlson,8476453,N. Kucherov,1,0
2026-10-05,2026020040,2,REG,00:17,TBL,ev,none,wrist,1551,8480995,P. Holmberg,8481624,I. Mikheyev,8476878,Z. Girgensons,2,0
2026-10-05,2026020040,2,REG,07:22,PHI,ev,none,wrist,1551,8482159,T. Foerster,8476372,N. Seeler,8476461,S. Couturier,2,1
2026-10-05,2026020040,3,REG,17:00,TBL,ev,none,wrap-around,1551,8481624,I. Mikheyev,8480995,P. Holmberg,,,3,1
2026-10-05,2026020040,3,REG,19:53,TBL,ev,empty-net,wrist,0651,8479542,B. Hagel,8476453,N. Kucherov,,,4,1
2026-10-05,2026020041,1,REG,07:39,OTT,sh,none,snap,1451,8482116,T. Stützle,8478020,M. Amadio,,,0,1
2026-10-05,2026020041,1,REG,09:22,OTT,ev,none,snap,1551,8482116,T. Stützle,,,,,0,2
2026-10-05,2026020041,2,REG,01:06,OTT,ev,none,backhand,1551,8480208,D. Batherson,8482116,T. Stützle,,,0,3
2026-10-05,2026020041,2,REG,05:19,OTT,ev,none,snap,1551,8478020,M. Amadio,8481596,S. Pinto,8476393,N. Cousins,0,4
2026-10-05,2026020041,3,REG,03:30,BOS,ev,none,snap,1551,8485395,J. Hagens,,,,,1,4
2026-10-05,2026020042,2,REG,09:27,PIT,ev,none,tip-in,1551,8485414,B. Kindel,8483398,D. Carlile,8474578,E. Karlsson,1,0
2026-10-05,2026020042,3,REG,04:43,WPG,ev,none,wrist,1551,8480113,A. Iafallo,,,,,1,1
2026-10-05,2026020042,3,REG,07:08,WPG,ev,none,backhand,1551,8476392,A. Lowry,8480113,A. Iafallo,8476331,D. DeMelo,1,2
2026-10-05,2026020042,3,REG,08:53,PIT,ev,none,wrist,1551,8483398,D. Carlile,8485414,B. Kindel,8482758,V. Koivunen,2,2
2026-10-05,2026020042,3,REG,09:02,WPG,ev,none,snap,1551,8482149,C. Perfetti,8477504,J. Morrissey,,,2,3
2026-10-05,2026020043,1,REG,18:51,DAL,ev,none,backhand,1551,8480036,M. Heiskanen,8478449,R. Hintz,8473994,J. Benn,1,0
2026-10-05,2026020043,2,REG,03:17,DAL,ev,none,snap,1551,8481641,J. Kiviranta,8480840,O. Bäck,8476889,R. Faksa,2,0
2026-10-05,2026020043,2,REG,06:19,DAL,ev,none,snap,1551,8473994,J. Benn,8480027,J. Robertson,8478449,R. Hintz,3,0
2026-10-05,2026020043,2,REG,16:30,DAL,ev,none,wrist,1551,8480027,J. Robertson,,,,,4,0
2026-10-05,2026020043,3,REG,15:22,DAL,ev,none,wrist,1551,8478420,M. Rantanen,8479351,S. Steel,,,5,0
2026-10-06,2026020044,1,REG,07:13,NSH,pp,none,wrist,1541,8474564,S. Stamkos,8484241,M. Wood,8474600,R. Josi,0,1
2026-10-06,2026020044,1,REG,09:08,NSH,ev,none,backhand,1551,8481535,N. Hoglander,8482482,A. Wilsby,8476887,F. Forsberg,0,2
2026-10-06,2026020044,2,REG,03:03,NSH,ev,none,backhand,1551,8481535,N. Hoglander,8476887,F. Forsberg,8482145,M. Bourque,0,3
2026-10-06,2026020044,2,REG,04:56,TOR,ev,none,wrist,1551,8475166,J. Tavares,8486067,G. McKenna,8476932,A. Stolarz,1,3
2026-10-06,2026020044,2,REG,06:58,TOR,pp,none,wrist,1451,8477939,W. Nylander,8479318,A. Matthews,8480893,K. Marchenko,2,3
2026-10-06,2026020044,2,REG,13:30,NSH,ev,none,wrist,1551,8474564,S. Stamkos,8475158,R. O'Reilly,8476869,B. Skjei,2,4
2026-10-06,2026020044,2,REG,14:31,TOR,ev,none,wrist,1551,8486067,G. McKenna,8479318,A. Matthews,8478458,J. Roslovic,3,4
2026-10-06,2026020044,3,REG,08:54,TOR,ev,none,wrist,1551,8478458,J. Roslovic,8479318,A. Matthews,8477939,W. Nylander,4,4
2026-10-06,2026020044,4,OT,04:46,TOR,ev,none,wrist,1331,8479318,A. Matthews,8477939,W. Nylander,,,5,4
2026-10-06,2026020045,1,REG,02:25,CAR,ev,none,deflected,1551,8475791,T. Hall,8482809,J. Blake,,,0,1
2026-10-06,2026020045,1,REG,03:23,MTL,ev,none,backhand,1551,8482737,Z. Bolduc,8476479,P. Danault,8480074,A. Texier,1,1
2026-10-06,2026020045,1,REG,04:27,MTL,ev,none,snap,1551,8480018,N. Suzuki,8475184,C. Kreider,8483457,L. Hutson,2,1
2026-10-06,2026020045,1,REG,09:22,CAR,ev,none,deflected,1551,8480762,E. Robinson,8478970,J. Chatfield,8476873,M. Jankowski,2,2
2026-10-06,2026020045,1,REG,12:54,MTL,pp,none,snap,1451,8482737,Z. Bolduc,8481618,A. Newhook,8480074,A. Texier,3,2
2026-10-06,2026020045,2,REG,03:56,CAR,pp,none,snap,1541,8478427,S. Aho,8477940,N. Ehlers,8476906,S. Gostisbehere,3,3
2026-10-06,2026020045,2,REG,13:24,CAR,ev,none,backhand,1551,8476873,M. Jankowski,8480762,E. Robinson,,,3,4
2026-10-06,2026020045,3,REG,12:21,CAR,ev,none,backhand,1551,8475791,T. Hall,8476958,J. Slavin,8478427,S. Aho,3,5
2026-10-06,2026020045,3,REG,16:57,MTL,ev,none,snap,1560,8483515,J. Slafkovský,8475184,C. Kreider,8480018,N. Suzuki,4,5
2026-10-06,2026020045,3,REG,18:45,CAR,ev,empty-net,snap,1560,8480830,A. Svechnikov,8478427,S. Aho,8476958,J. Slavin,4,6
2026-10-06,2026020046,1,REG,02:44,OTT,ev,none,snap,1551,8482116,T. Stützle,8480208,D. Batherson,8482092,R. Greig,0,1
2026-10-06,2026020046,1,REG,03:16,DET,ev,none,wrist,1551,8479337,A. DeBrincat,8484160,N. Danielson,8482802,C. Mazur,1,1
2026-10-06,2026020046,1,REG,13:14,DET,ev,none,wrist,1551,8477946,D. Larkin,8478042,V. Arvidsson,8479337,A. DeBrincat,2,1
2026-10-06,2026020046,2,REG,02:01,DET,pp,none,snap,1451,8478042,V. Arvidsson,8477946,D. Larkin,8482078,L. Raymond,3,1
2026-10-06,2026020046,2,REG,04:30,DET,ev,none,wrist,1551,8475753,J. Faulk,8482171,W. Wallinder,8482078,L. Raymond,4,1
2026-10-06,2026020046,2,REG,06:08,OTT,pp,none,wrist,1541,8480208,D. Batherson,8482667,W. Eklund,8484759,C. Yakemchuk,4,2
2026-10-06,2026020046,3,REG,10:30,OTT,ev,none,snap,1551,8482667,W. Eklund,8480188,F. Zetterlund,8482116,T. Stützle,4,3
2026-10-06,2026020046,3,REG,19:10,DET,pp,empty-net,wrist,0551,8479337,A. DeBrincat,8482078,L. Raymond,8475753,J. Faulk,5,3
2026-10-06,2026020047,1,REG,01:57,UTA,pp,none,slap,1541,8479343,C. Keller,8479410,M. Sergachev,8483431,L. Cooley,0,1
2026-10-06,2026020047,1,REG,12:23,NJD,pp,none,tip-in,1351,8482146,L. Evangelista,8481559,J. Hughes,8479407,J. Bratt,1,1
2026-10-06,2026020047,2,REG,01:42,UTA,ev,none,backhand,1551,8477346,M. Weegar,8475314,A. Lee,8479410,M. Sergachev,1,2
2026-10-06,2026020047,2,REG,06:31,NJD,ev,none,tip-in,1551,8482146,L. Evangelista,8478414,T. Meier,,,2,2
2026-10-06,2026020047,2,REG,12:05,UTA,pp,none,wrist,1541,8477951,N. Schmaltz,8482699,D. Guenther,8479410,M. Sergachev,2,3
2026-10-06,2026020047,2,REG,19:03,UTA,ev,none,tip-in,1551,8478474,L. Crouse,8480849,B. Hayton,8477951,N. Schmaltz,2,4
2026-10-06,2026020047,3,REG,09:49,NJD,ev,none,backhand,1551,8480003,J. Boqvist,8476462,D. Hamilton,8480990,D. Chisholm,3,4
2026-10-06,2026020047,3,REG,16:52,UTA,ev,none,wrist,1551,8476389,V. Trocheck,8477951,N. Schmaltz,8479343,C. Keller,3,5
2026-10-06,2026020049,2,REG,13:53,MIN,pp,none,slap,1541,8483525,D. Yurov,8474716,J. Spurgeon,8476399,B. Coleman,0,1
2026-10-06,2026020049,2,REG,15:38,MIN,ev,none,snap,1551,8485702,M. Shabanov,8480800,Q. Hughes,8477446,M. McCarron,0,2
2026-10-06,2026020049,3,REG,03:55,BUF,ev,none,deflected,1551,8483500,N. Ostlund,8482671,O. Power,8480839,R. Dahlin,1,2
2026-10-06,2026020049,3,REG,09:38,BUF,ev,none,snap,1551,8479420,T. Thompson,8481522,P. Krebs,,,2,2
2026-10-06,2026020049,4,OT,04:22,BUF,ev,none,wrist,1331,8482671,O. Power,8483468,J.Kulich,8479420,T. Thompson,3,2
2026-10-06,2026020048,1,REG,06:40,NYR,ev,none,slap,1551,8477416,O. Bjorkstrand,8482109,A. Lafrenière,8480434,S. Durzi,1,0
2026-10-06,2026020048,2,REG,00:25,NYR,ev,none,snap,1551,8482109,A. Lafrenière,8476459,M. Zibanejad,8478882,V. Gavrikov,2,0
2026-10-06,2026020048,2,REG,02:56,NYI,pp,none,snap,1541,8477500,B. Horvat,8481711,M. Maccelli,8475170,B. Schenn,2,1
2026-10-06,2026020048,2,REG,04:52,NYI,ev,none,wrist,1551,8484221,C. Ritchie,8475170,B. Schenn,,,2,2
2026-10-06,2026020048,2,REG,17:07,NYR,pp,none,wrist,1451,8477416,O. Bjorkstrand,8484210,G. Perreault,8482157,W. Cuylle,3,2
2026-10-06,2026020048,3,REG,18:22,NYR,ev,empty-net,wrist,0651,8482109,A. Lafrenière,8476468,J. Miller,8476459,M. Zibanejad,4,2
2026-10-06,2026020048,3,REG,18:54,NYR,ev,empty-net,wrist,0651,8482109,A. Lafrenière,8479323,A. Fox,8478882,V. Gavrikov,5,2
2026-10-06,2026020050,1,REG,15:38,STL,ev,none,wrist,1551,8482745,M. McTavish,8481580,C. McMichael,,,0,1
2026-10-06,2026020050,2,REG,05:40,CHI,pp,none,wrist,1451,8483506,S. Rinzel,8483493,F. Nazar,8484185,N. Lardis,1,1
2026-10-06,2026020050,2,REG,07:40,CHI,ev,none,snap,1551,8485391,A. Frondell,8484783,A. Levshunov,8476882,T. Teravainen,2,1
2026-10-06,2026020050,3,REG,18:51,CHI,sh,empty-net,wrist,0641,8482062,C. Smith,,,,,3,1
2026-10-06,2026020050,3,REG,19:22,STL,pp,none,wrist,0641,8481580,C. McMichael,8481598,P. Broberg,8477402,P. Buchnevich,3,2
2026-10-06,2026020050,3,REG,19:56,CHI,ev,empty-net,backhand,0651,8483493,F. Nazar,8477479,T. Bertuzzi,8485391,A. Frondell,4,2
2026-10-06,2026020051,1,REG,13:02,VGK,ev,none,deflected,1551,8478109,V. Olofsson,8478397,R. Andersson,8476881,T. Hertl,0,1
2026-10-06,2026020051,1,REG,15:58,VGK,pp,none,wrist,1541,8476881,T. Hertl,8475913,M. Stone,8478403,J. Eichel,0,2
2026-10-06,2026020051,2,REG,01:43,VGK,sh,none,snap,1451,8475913,M. Stone,8478403,J. Eichel,,,0,3
2026-10-06,2026020051,2,REG,13:07,VGK,ev,none,snap,1551,8478109,V. Olofsson,8476881,T. Hertl,8484803,T. Connelly,0,4
2026-10-06,2026020051,2,REG,19:29,VGK,ev,none,wrist,1551,8478403,J. Eichel,,,,,0,5
2026-10-06,2026020051,3,REG,04:52,SEA,ev,none,wrist,1551,8483524,S. Wright,8481554,K. Kakko,8479985,C. Fleury,1,5
2026-10-06,2026020051,3,REG,09:43,VGK,pp,none,wrist,1541,8476881,T. Hertl,8477964,I. Barbashev,8478403,J. Eichel,1,6
2026-10-06,2026020051,3,REG,15:00,SEA,pp,none,wrist,1451,8477955,J. McCann,8474586,J. Eberle,8481554,K. Kakko,2,6
2026-10-06,2026020052,1,REG,19:00,LAK,ev,none,wrist,1551,8482155,A. Laferriere,8475287,E. Haula,,,1,0
2026-10-06,2026020052,2,REG,03:49,FLA,ev,none,wrist,1551,8477495,S. Jones,8474189,L. Eller,,,1,1
2026-10-06,2026020052,3,REG,11:20,FLA,ev,none,wrist,1551,8479314,M. Tkachuk,8477935,S. Bennett,,,1,2
2026-10-07,2026020053,1,REG,00:23,WSH,ev,none,backhand,1551,8478463,A. Beauvillier,8478440,D. Strome,,,1,0
2026-10-07,2026020053,1,REG,01:19,PIT,ev,none,snap,1551,8475810,B. Rust,8485414,B. Kindel,8479398,S. Girard,1,1
2026-10-07,2026020053,1,REG,11:51,WSH,ev,none,snap,1551,8476880,T. Wilson,8479400,P. Dubois,,,2,1
2026-10-07,2026020053,2,REG,04:42,WSH,ev,none,snap,1551,8479400,P. Dubois,8476880,T. Wilson,,,3,1
2026-10-07,2026020053,2,REG,13:14,WSH,ev,none,snap,1551,8477949,A. Tuch,8476880,T. Wilson,,,4,1
2026-10-07,2026020053,2,REG,14:05,PIT,ev,none,snap,1551,8478438,T. Novak,,,,,4,2
2026-10-07,2026020053,2,REG,18:01,PIT,ev,none,tip-in,1551,8481582,N. Robertson,8481527,K. Korczak,8481481,B. Lizotte,4,3
2026-10-07,2026020053,3,REG,03:55,WSH,pp,none,snap,1451,8484186,R. Leonard,8479385,J. Kyrou,8484873,C. Hutson,5,3
2026-10-07,2026020054,2,REG,02:51,COL,ev,none,snap,1551,8475768,J. Schwartz,8482768,F. Svechkov,8470613,B. Burns,0,1
2026-10-07,2026020054,2,REG,04:01,WPG,ev,none,tip-in,1551,8478398,K. Connor,8480145,N. Pionk,8480049,D. Samberg,1,1
2026-10-07,2026020054,2,REG,18:16,WPG,ev,none,deflected,1551,8482149,C. Perfetti,8480049,D. Samberg,8476460,M. Scheifele,2,1
2026-10-07,2026020054,3,REG,12:35,COL,ev,none,tip-in,1551,8482768,F. Svechkov,8475768,J. Schwartz,8476967,B. Kulak,2,2
2026-10-07,2026020054,3,REG,19:00,WPG,ev,none,wrist,1551,8478398,K. Connor,8476460,M. Scheifele,,,3,2
2026-10-07,2026020055,1,REG,04:11,ANA,pp,none,snap,1451,8484762,B. Sennecke,8475798,M. Granlund,8484153,L. Carlsson,1,0
2026-10-07,2026020055,1,REG,15:28,ANA,pp,none,tip-in,1451,8484762,B. Sennecke,8484153,L. Carlsson,8481605,J. LaCombe,2,0
2026-10-07,2026020055,2,REG,00:11,EDM,ev,none,slap,1551,8480803,E. Bouchard,8477934,L. Draisaitl,,,2,1
2026-10-07,2026020055,2,REG,06:30,EDM,pp,none,snap,1541,8477953,K. Kapanen,8478402,C. McDavid,8480803,E. Bouchard,2,2
2026-10-07,2026020055,2,REG,14:12,EDM,ev,none,slap,1551,8480803,E. Bouchard,8477934,L. Draisaitl,8478402,C. McDavid,2,3
2026-10-07,2026020055,2,REG,16:49,EDM,ev,none,snap,1551,8481617,V. Podkolzin,8477934,L. Draisaitl,,,2,4
2026-10-07,2026020055,2,REG,19:08,EDM,ev,none,snap,1441,8478402,C. McDavid,8477934,L. Draisaitl,8475218,M. Ekholm,2,5
2026-10-08,2026020056,1,REG,10:06,BOS,ev,none,wrist,1551,8479999,C. Mittelstadt,8485395,J. Hagens,8477496,E. Lindholm,1,0
2026-10-08,2026020056,1,REG,14:22,BOS,pp,none,wrist,1451,8477956,D. Pastrnak,8483017,F. Brunet,8479987,M. Geekie,2,0
2026-10-08,2026020056,1,REG,15:51,BOS,ev,none,wrist,1551,8482511,M. Lohrei,8483505,M. Poitras,8480355,M. Kastelic,3,0
2026-10-08,2026020056,2,REG,04:40,BOS,pp,none,slap,1451,8477956,D. Pastrnak,8479987,M. Geekie,8476854,H. Lindholm,4,0
2026-10-08,2026020056,2,REG,07:57,BOS,pp,none,slap,1451,8479987,M. Geekie,8477956,D. Pastrnak,8478401,P. Zacha,5,0
2026-10-08,2026020056,2,REG,14:08,BOS,ev,none,wrist,1551,8483505,M. Poitras,8477956,D. Pastrnak,,,6,0
2026-10-08,2026020056,3,REG,09:48,UTA,ev,none,snap,1551,8480855,J. McBain,8484386,D. Simashev,8480849,B. Hayton,6,1
2026-10-08,2026020057,1,REG,09:03,DAL,ev,none,snap,1551,8480027,J. Robertson,8478420,M. Rantanen,8482740,W. Johnston,0,1
2026-10-08,2026020057,2,REG,09:36,DAL,ev,none,snap,1551,8479351,S. Steel,8481581,T. Harley,8478420,M. Rantanen,0,2
2026-10-08,2026020057,2,REG,13:57,DAL,ev,none,backhand,1551,8478420,M. Rantanen,8480878,N. Lundkvist,8482740,W. Johnston,0,3
2026-10-08,2026020057,2,REG,15:34,DAL,pp,none,snap,1541,8478449,R. Hintz,8482740,W. Johnston,8478420,M. Rantanen,0,4
2026-10-08,2026020058,2,REG,03:12,MTL,ev,none,backhand,1441,8480018,N. Suzuki,,,,,1,0
2026-10-08,2026020058,2,REG,08:50,MTL,ev,none,snap,1551,8481618,A. Newhook,8476981,J. Anderson,,,2,0
2026-10-08,2026020058,2,REG,15:06,NSH,ev,none,tip-in,1551,8477021,A. Kerfoot,8482482,A. Wilsby,8479525,R. Colton,2,1
2026-10-08,2026020058,2,REG,19:28,NSH,pp,none,snap,1541,8484241,M. Wood,8474564,S. Stamkos,8476887,F. Forsberg,2,2
2026-10-08,2026020058,3,REG,16:44,NSH,pp,none,tip-in,1541,8475158,R. O'Reilly,8474600,R. Josi,8474564,S. Stamkos,2,3
2026-10-08,2026020058,3,REG,17:23,NSH,ev,empty-net,snap,1560,8481726,A. Edstrom,8476869,B. Skjei,8477021,A. Kerfoot,2,4
2026-10-08,2026020058,3,REG,18:34,NSH,ev,empty-net,snap,1560,8481726,A. Edstrom,8474600,R. Josi,8480835,J. Drury,2,5
2026-10-08,2026020059,1,REG,10:14,OTT,ev,none,tip-in,1551,8476393,N. Cousins,8482095,T. Kleven,8477998,W. Foegele,1,0
2026-10-08,2026020059,2,REG,07:46,PHI,pp,none,backhand,1541,8484387,M. Michkov,8481533,T. Zegras,8478439,T. Konecny,1,1
2026-10-08,2026020059,3,REG,13:01,OTT,pp,none,slap,1451,8484759,C. Yakemchuk,8473512,C. Giroux,8481596,S. Pinto,2,1
2026-10-08,2026020060,1,REG,05:26,TBL,ev,none,tip-in,1551,8478519,A. Cirelli,8478416,E. Cernak,8479542,B. Hagel,1,0
2026-10-08,2026020060,1,REG,06:02,TBL,ev,none,wrist,1551,8474590,J. Carlson,8476453,N. Kucherov,8478010,B. Point,2,0
2026-10-08,2026020060,2,REG,02:32,MIN,ev,none,wrist,1551,8480800,Q. Hughes,8481553,B. Brink,8474716,J. Spurgeon,2,1
2026-10-08,2026020060,2,REG,04:55,TBL,pp,none,slap,1451,8474590,J. Carlson,8476453,N. Kucherov,8477404,J. Guentzel,3,1
2026-10-08,2026020060,2,REG,14:01,MIN,pp,none,wrist,1541,8476399,B. Coleman,8478864,K. Kaprizov,8480800,Q. Hughes,3,2
2026-10-08,2026020061,1,REG,01:18,CAR,ev,none,snap,1551,8480817,K. Miller,8477478,W. Carrier,8480336,S. Walker,1,0
2026-10-08,2026020061,1,REG,07:11,CAR,pp,none,backhand,1451,8480830,A. Svechnikov,8476906,S. Gostisbehere,8482809,J. Blake,2,0
2026-10-08,2026020061,1,REG,09:25,CAR,pp,none,snap,1451,8480830,A. Svechnikov,8482809,J. Blake,8476906,S. Gostisbehere,3,0
2026-10-08,2026020061,2,REG,03:20,CAR,ev,none,snap,1551,8476873,M. Jankowski,8480829,J. Kotkaniemi,,,4,0
2026-10-08,2026020061,2,REG,04:03,VAN,ev,none,wrist,1551,8478498,J. DeBrusk,8483476,J. Lekkerimäki,8480012,E. Pettersson,4,1
2026-10-08,2026020061,2,REG,13:13,CAR,sh,none,snap,1541,8482702,L. Stankoven,8480336,S. Walker,8478427,S. Aho,5,1
2026-10-08,2026020061,2,REG,19:02,CAR,pp,none,snap,1451,8482702,L. Stankoven,8475791,T. Hall,8480336,S. Walker,6,1
2026-10-08,2026020061,3,REG,11:36,CAR,ev,none,snap,1551,8482702,L. Stankoven,8475791,T. Hall,8480336,S. Walker,7,1
2026-10-08,2026020061,3,REG,13:04,VAN,ev,none,wrist,1551,8478498,J. DeBrusk,8480012,E. Pettersson,8484798,Z. Buium,7,2
2026-10-08,2026020062,1,REG,19:01,NYI,pp,none,snap,1451,8477500,B. Horvat,8485366,M. Schaefer,,,1,0
2026-10-08,2026020062,2,REG,06:44,NYI,ev,none,snap,1551,8482476,E. Heineman,8481711,M. Maccelli,8476917,A. Pelech,2,0
2026-10-08,2026020062,2,REG,09:38,NYI,ev,none,snap,1551,8477407,A. Duclair,8479378,L. Stanley,8476419,J. Pageau,3,0
2026-10-08,2026020062,3,REG,17:26,CHI,ev,none,slap,0651,8483493,F. Nazar,8474141,P. Kane,8483506,S. Rinzel,3,1
2026-10-08,2026020062,3,REG,18:27,NYI,ev,empty-net,snap,0651,8477500,B. Horvat,8479378,L. Stanley,,,4,1
2026-10-08,2026020063,1,REG,03:52,STL,ev,none,tip-in,1551,8481580,C. McMichael,8482745,M. McTavish,8481013,J. Berggren,1,0
2026-10-08,2026020063,2,REG,08:48,SJS,ev,none,wrist,1551,8475726,T. Toffoli,8485402,M. Misa,8476885,J. Trouba,1,1
2026-10-08,2026020063,3,REG,01:39,STL,sh,none,wrist,1541,8479346,D. Dube,,,,,2,1
2026-10-08,2026020063,3,REG,06:05,SJS,ev,none,snap,1551,8484911,C. Graf,8484806,S. Dickinson,8475726,T. Toffoli,2,2
2026-10-08,2026020063,4,OT,01:03,SJS,ev,none,wrist,1331,8477498,D. Nurse,8486103,I. Stenberg,8477505,A. Wennberg,2,3
2026-10-08,2026020064,1,REG,15:54,COL,ev,none,tip-in,1551,8478038,D. Toews,8480069,C. Makar,8475754,B. Nelson,0,1
2026-10-08,2026020064,1,REG,17:30,CGY,ev,none,wrist,1551,8483609,A. Klapka,8484154,J. Castagna,,,1,1
2026-10-08,2026020064,2,REG,06:45,COL,ev,none,wrist,1551,8478038,D. Toews,8478454,N. Juulsen,8480448,P. Kelly,1,2
2026-10-08,2026020064,2,REG,09:16,COL,ev,none,wrist,1551,8480069,C. Makar,8477492,N. MacKinnon,8476967,B. Kulak,1,3
2026-10-08,2026020064,2,REG,11:39,COL,ev,none,slap,1551,8477492,N. MacKinnon,8482742,Z. L'Heureux,,,1,4
2026-10-08,2026020064,3,REG,05:35,COL,ev,none,slap,1551,8480069,C. Makar,8477492,N. MacKinnon,8475172,N. Kadri,1,5
2026-10-08,2026020064,3,REG,06:34,COL,ev,none,snap,1551,8475768,J. Schwartz,8486171,T. Hughes,8476967,B. Kulak,1,6
2026-10-08,2026020064,3,REG,07:17,CGY,ev,none,tip-in,1551,8474150,M. Backlund,8476458,R. Strome,,,2,6
2026-10-08,2026020064,3,REG,08:28,CGY,ev,none,wrist,1551,8480860,K. Bahl,8480797,J. Farabee,8481068,Y. Sharangovich,3,6
2026-10-08,2026020064,3,REG,09:41,COL,ev,none,wrist,1551,8475768,J. Schwartz,8482768,F. Svechkov,8470613,B. Burns,3,7
2026-10-08,2026020065,1,REG,00:34,TOR,ev,none,backhand,1551,8478458,J. Roslovic,8479318,A. Matthews,8480893,K. Marchenko,0,1
2026-10-08,2026020065,1,REG,03:20,TOR,ev,none,snap,1551,8484158,E. Cowan,8475690,C. Tanev,,,0,2
2026-10-08,2026020065,1,REG,08:37,TOR,ev,none,slap,1551,8477426,N. Paul,8478178,D. Raddysh,8486067,G. McKenna,0,3
2026-10-08,2026020065,1,REG,17:36,VGK,ev,none,slap,1551,8475913,M. Stone,8478403,J. Eichel,8477964,I. Barbashev,1,3
2026-10-08,2026020065,2,REG,01:12,VGK,ev,none,deflected,1551,8479353,B. Howden,8478483,M. Marner,8476448,W. Karlsson,2,3
2026-10-08,2026020065,2,REG,03:58,VGK,ev,penalty-shot,wrist,1010,8478403,J. Eichel,,,,,3,3
2026-10-08,2026020065,5,SO,00:00,VGK,ev,none,backhand,1010,8484803,T. Connelly,,,,,4,3
