referee,games_count,avg_pen_per_game,p1_avg,p2_avg,p3_avg,league_avg_default
Alex Lepkowski,23,6.13,1.91,2.26,1.91,6.54
Beau Halkidis,41,6.73,2.2,2.44,2.07,6.54
Ben Betker,1,5.0,1.0,2.0,2.0,6.54
Brandon Blandina,75,6.59,2.15,2.29,2.11,6.54
Brandon Schrader,74,6.34,1.82,2.14,2.3,6.54
Brian Pochmara,43,6.77,1.95,2.56,2.12,6.54
Carter Sandlak,71,6.0,1.9,2.27,1.79,6.54
Chris Lee,68,6.1,1.47,2.63,1.91,6.54
Chris Rooney,38,6.97,2.24,2.66,2.05,6.54
Chris Schlenker,75,6.84,2.15,2.53,2.07,6.54
Cody Beach,75,7.08,2.37,2.48,2.11,6.54
Corey Syvret,76,6.01,1.91,2.53,1.55,6.54
Dan O'Rourke,23,5.09,1.26,2.04,1.65,6.54
Eric Furlatt,69,7.09,2.23,2.52,2.25,6.54
Francis Charron,76,7.03,2.12,2.71,2.14,6.54
Francois StLaurent,58,6.78,2.28,2.55,1.91,6.54
Frederick L'Ecuyer,74,6.41,2.07,2.28,1.97,6.54
Furman South,76,6.05,1.97,2.32,1.67,6.54
Garrett Rank,76,7.36,2.46,2.46,2.41,6.54
Gord Dwyer,70,6.73,2.14,2.46,2.09,6.54
Graedy Hamilton,31,5.68,1.74,2.1,1.81,6.54
Graham Skilliter,76,6.49,1.74,2.62,2.11,6.54
Jake Brenk,76,6.88,2.32,2.42,2.09,6.54
Jean Hebert,63,7.22,2.44,2.3,2.46,6.54
Jon McIsaac,73,5.78,1.82,2.44,1.45,6.54
Jordan SamuelsThomas,75,7.47,2.27,2.81,2.36,6.54
Justin Kea,76,6.74,1.95,2.78,1.96,6.54
Kelly Sutherland,76,7.05,2.41,2.53,2.09,6.54
Kendrick Nicholson,76,6.21,2.05,2.5,1.62,6.54
Kyle Rehman,76,6.99,2.29,2.43,2.21,6.54
Liam Maaskant,28,6.21,1.71,2.61,1.86,6.54
Michael Markovic,74,7.0,2.38,2.7,1.84,6.54
Mike Sullivan,38,6.24,1.71,2.47,2.0,6.54
Mitch Dunning,55,6.82,1.8,2.62,2.31,6.54
Morgan MacPhee,34,6.03,1.76,2.24,2.0,6.54
Peter MacDougall,65,6.65,1.95,2.71,1.95,6.54
Pierre Lambert,75,6.37,2.17,2.41,1.75,6.54
Riley Brace,16,7.94,2.06,3.12,2.69,6.54
Stephen Hiff,45,6.56,2.16,2.56,1.78,6.54
TJ Luxmore,76,6.74,2.03,2.39,2.28,6.54
Tom Chmielewski,76,6.41,1.97,2.25,2.13,6.54
Trevor Hanson,76,6.34,1.88,2.61,1.82,6.54
Wes McCauley,77,6.3,2.0,2.49,1.7,6.54
